:02000004C0DE5C
:1000000010B5044662B607F02FF93CB12068B0F590
:10001000807F07D1204606F079FE01E006F040FE21
:10002000002010BD06F031FE70B58AB00C460546C2
:1000300068462021164607F0CBFD14B9012007F0D1
:10004000A9F8142E0AD3402001210990681C6D469E
:10005000089008A82A4607F04FF808B1002006E0EB
:1000600005F10C012046142207F0A8FD01200AB07A
:1000700070BD1FB5044610B9012007F08BF8207839
:10008000E02854D100200390CDE9010060782028B9
:1000900050D0042858D0052862D0062876D00728EA
:1000A00000F08280082800F08980092800F0908004
:1000B0000A2800F097800B2800F09E800C2800F0A2
:1000C000A5800D2800F0AC800E2800F0B3800F282A
:1000D00000F0BA80102800F0C080112800F0C6801F
:1000E000122800F0CC80132800F0D280142800F0F1
:1000F000D880152800F0DE80162800F0E48017284C
:1001000000F0EE80182800F0F380192800F0FD8040
:10011000032840F00281A078002840F01381E078A5
:10012000002840F00F81BDE81F4000F0CEB94FF429
:10013000DC4009E1A068002800F0018100F010F91E
:1001400001A801F019FAF8E0A078002840F0FA8040
:10015000E078002840F0F680BDE81F4000F04EB97E
:10016000A178012900F2EE80E078002840F0EA80D2
:10017000A068002800F0E380019020790029029017
:1001800018BF012101A800F04DF9D6E0A17800299F
:1001900000F0C680032900F2D580E07840F08002AC
:1001A000802A00F0C180CDE0A068002800F0C78060
:1001B00000F0D6F801A800F093FABEE0A06800288D
:1001C00000F0BD8000F0CCF801A800F050FAB4E0D7
:1001D000A068002800F0B38000F0C2F801A800F089
:1001E000E7FAAAE0A068002800F0A98000F0B8F8BB
:1001F00001A800F043FCA0E0A068002800F09F8068
:1002000000F0AEF801A800F09FFB96E0A06800287F
:1002100000F0958000F0A4F801A800F0D6FB8CE077
:10022000A068002800F08B8000F09AF801A800F088
:1002300045FB82E0A068002800F0818000F090F883
:1002400001A800F08FFC78E0A068002877D000F0CB
:1002500087F8BDE81F4000F061BAA06800286ED0A2
:1002600000F07EF801A800F033FD66E0A0680028E9
:1002700065D000F075F801A800F0DFFD5DE0A06832
:1002800000285CD000F06CF801A800F09EFE54E05D
:10029000A068002853D000F063F801A800F0E6FE43
:1002A0004BE0A06800284AD000F05AF801A800F0FE
:1002B00013FF42E0A068002841D000F051F801A8E7
:1002C00000F04EFF39E0A07801283BD8E078C8BBA9
:1002D000A068A0B300F044F801A800F0FDFF2CE0F6
:1002E000A06860B300F03CF801A801F08DF824E0AC
:1002F000A078012826D8E07820BBA068F8B100F0EB
:100300002FF801A801F048F817E0A068B8B100F094
:1003100027F801A801F0BEF80FE04FF4DA4013E02F
:10032000E07880280ED18020A26842B10192227923
:100330000292C20901A800F0DFF804B010BD46F631
:10034000872001E046F6862004B0BDE8104000F0AA
:1003500000B880B502460020002106F03DFC80BDBB
:100360000190207902907047BFB506F017FC1E4837
:1003700019F8000008B901F07DFB1C484FF43C71EE
:10038000484407F033FC1B48784407F015F980789F
:1003900001280DD001208DF802000020ADF80000EA
:1003A0001548784407F008F96946032207F034F944
:1003B0000F4D01AC06F0FAFB002814D4024609EBFD
:1003C0000501204606F0F2FC30B12046FFF751FE51
:1003D000B0F1FF3FEEDC06E00020002146F6872268
:1003E00006F0FAFBE6E7BFBDDC08000000000000F5
:1003F00014040000748E00005A8E0000F8B50848FE
:10040000784407F0D9F800214FF4104203910721F6
:10041000CDE9010101A8012106F0DEFB04B080BD99
:10042000CE7D0000F0B585B0234F0C4605464FF455
:100430003C7109EB0706304607F0D8FB002006F5B3
:100440003B7109F8070086F8C002284606F072F9E9
:1004500008B309EB070090F8EC2200F5317128464B
:1004600006F0BBF9B8B109EB07000021052290F8AE
:10047000EC32CDE90221049100F1490500F10806B2
:1004800000F5317200202121CDE9006506F066FA01
:1004900040B180B201E046F6872005B0BDE8F040EB
:1004A00000F00CB8002C05B0BDE8F04008BF01F02A
:1004B000A7B801F0C3BB00BF0000000080B5024632
:1004C0000020002106F088FB80BDF8B50020012146
:1004D0004FF410428DF802008DF8010003900320C4
:1004E0008DF80310012102900DF10100019001A887
:1004F00006F072FB04B080BD70B586B0544E044661
:1005000091B109EB060090F8C00201282CD109EB4B
:10051000060015466268D0F808021118B1F5FF7F91
:1005200025D94BF2040039E009EB06054FF43C7184
:10053000284607F05BFB002005F53B7109F8060033
:10054000012085F8C002204606F0F4F848B109EB16
:10055000060090F8EC2200F53171204606F03DF9D6
:10056000B8B946F6872019E04BF2070016E009EB10
:100570000601084400F10801204606F058F958B178
:1005800009EB06016268D1F808021044C1F80802BC
:100590004DB14FF4104001E04BF2050006B0BDE84C
:1005A000704000F05DB80021CDE9020109EB0600C2
:1005B00000F10801019100F5047101A801F07AF938
:1005C000012814D1012009F8060009EB0600D0F833
:1005D000081200F50E72059100F10801049104A8BB
:1005E000012106F089FD40B14BF2060001E04BF21B
:1005F000050000F035F806B070BD164819F8000087
:10060000A0B1154819F80010F9B909EB0604012149
:1006100009F8001004F506741FCC009401F00AF9E3
:1006200010B1012001F0D0F90020E4E709EB060049
:10063000D0F82C020949794407F01CFB10B101F0F5
:10064000EEFBD8E701F0E8FBD5E7FF2007F07AF9E9
:1006500000000000DC080000DD0800008C780000CD
:1006600080B502460020002106F0B6FA80BD10B524
:10067000D0B00446406820280BD1206840A9202231
:1006800001F0D0FB88B940A8402100F017F8002005
:100690000DE068460921402206F065FD28B9D4E93D
:1006A0000012684606F064FD18B100F088FF50B0F3
:1006B00010BD684640A906F04CFDE3E7F8B50022FE
:1006C00001AB07C301A801214FF4104206F084FAE0
:1006D0008FBD80B502460020002106F07DFA80BD66
:1006E00010B5F2B0044668460621202206F03BFD14
:1006F00050B9D4E90012684606F03AFD20B96846C0
:100700006AA906F026FD18B100F059FF72B010BDBD
:100710006AA800F06EFF0020F8E7000010B5A4B052
:1007200000F049FFA0BB14AC1E49202220467944AA
:1007300007F044FA0CA81C492022794407F03EFA3D
:1007400004A81A492022794407F038FA03A8202186
:10075000224600F048FFD8B902A80CAA202100F0D8
:1007600042FFA8B901A804AA202100F03CFF78B9F3
:10077000684600F02AFF58B9DDE90213DDE90002FE
:1007800006F0E0FF20B900981CA900F01BFF18B18B
:1007900000F015FF24B010BD1CA800F02AFF0020B7
:1007A000F8E700BFC67B00003A7B00006E7C0000CB
:1007B0002DE9F041ADF5087D044660A83D49A02231
:1007C000794407F0FBF900F0F6FE68BB002048A969
:1007D000FF22602802D00A540130FAE736496D46FC
:1007E00020222846794407F0E9F909A820212A4661
:1007F00000F0F9FEC0B908A86A46202100F0F3FE17
:1008000090B90AA8202106F0E3FF68B909990AA85F
:1008100006F0E8FF40B90DF130080AAB05210522CA
:10082000404602F01DFD28B100F0C9FE0DF5087D1F
:10083000BDE8F081002760AE0D98874212D208EB28
:10084000870531462022E86906F02CFF0028EBD10D
:10085000E869119A014606F0CFFF013720360028DB
:10086000EAD0E1E708AA40460021012302F05EFD3C
:100870002068119A007808EB800454F8180F01469C
:1008800006F0C6FF0028CFD1206848A900F09AFEE4
:100890000028C9D148A86021FFF710FF08A806F07A
:1008A000EDFE0028C0D106F0CBFE0028BCD1002010
:1008B000BCE700BFB47C0000307C000070B5D0B055
:1008C000044600F078FEA0BB48A81D4920227944C8
:1008D00007F074F901AD1B4920222846794407F03E
:1008E0006DF909A820212A4600F07DFE08BB0AA860
:1008F000202106F06DFFE0B909990AA806F072FF01
:10090000B8B90CA80AAB0521052202F0A9FC80B9F0
:10091000206806780CAC48AD2EB12046294602F07E
:100920009BFC013EF8E748A800F063FE06F088FE55
:1009300018B100F044FE50B070BD0020FBE700BFCE
:1009400086790000387B0000B0B5ADF51A7D0168EE
:100950000022FF230D785AACB2F5807F02D0A35459
:100960000132F9E7406801311AAA013828B111F8BB
:10097000013B013802F8013BF8E700F01CFEE8B942
:1009800004A800F039FEC8B904A801A901F04DFF80
:10099000A0B904A81AA901AA01F07AFA70B904A8AA
:1009A00004F1200301A900F021FE38B904984100A8
:1009B0005AA8FFF783FE06F043FE20B100F0FFFDCA
:1009C0000DF51A7DB0BD0020FAE7F0B5ADF52B7D31
:1009D000064600680021FF2205786BACB1F5807FE8
:1009E00002D062540131F9E7716801302BAA013954
:1009F00029B110F8013B013902F8013BF8E700F09A
:100A0000DAFDA0BB30680AAA002102AB202907D07A
:100A100046187778575496F821605E540131F5E70F
:100A200015A800F0E9FD10BB15A812A901F0FDFE04
:100A3000E8B915A82BA912AA01F02AFAB8B915A885
:100A400004F1200312A900F0D1FD80B92020CDE9E6
:100A5000000415A80AA912AA02AB01F041FA30B9A4
:100A60006BA86021FFF72AFE06F0EAFD20B100F036
:100A7000A6FD0DF52B7DF0BD0020FAE72DE9F04530
:100A8000EBB0054600680DF1AB04FF2106780020AD
:100A9000B0F5807F02D021540130F9E700F08BFDE2
:100AA000002854D114AF3146384602F03DF80028F2
:100AB0004DD107F10C060DF2AB123846314601F06C
:100AC000DDFF002843D19DF8AB114CF60120012930
:100AD0003DD122490DF1240A20225046794407F0E5
:100AE0006DF801AF1E4920223846794407F066F8B8
:100AF0000DF1440814A851463A46434602F005FA5F
:100B000028BB14A80DF2AB12314601F0B7FFF0B9C3
:100B10009DF8AB0101284CF6012018D1D5E9000160
:100B2000CDF80080421C4B1E14A8314602F072FA28
:100B300068B914A804F1400311A900F057FD30B9B9
:100B40000DF1AB0000F04BFD06F07AFD20B100F096
:100B500036FD6BB0BDE8F0850020FAE7587900005B
:100B60006A790000F0B5EFB005464068412801D829
:100B7000022802D246F6872015E02868FF21067871
:100B800000202FACB0F5807F02D021540130F9E76E
:100B900000F011FD20B919A8314601F0C5FF20B1C0
:100BA00080B2FFF796FD6FB0F0BD022E0CD0012E83
:100BB00028D10BAE424920223046794406F0FEFF90
:100BC00003AF4049794409E00BAE3F49202230464B
:100BD000794406F0F3FF03AF3C49794438462022BC
:100BE00006F0ECFF19A816AB31463A4602F08DF933
:100BF0000028D5D119A80BA903AA13AB02F085F9D7
:100C00000028CDD100200DF10B028DF80B0019A8A2
:100C100016A901F033FF0028C2D19DF80B0001286E
:100C200042D119A813AE0DF10B02314601F026FF97
:100C30000028B5D19DF80B00012838D11A980DF184
:100C40000B0106F0BBFD0028AAD19DF80B0001287E
:100C500030D11B980DF10B0106F0B0FD00289FD19B
:100C60009DF80B00012828D1D5E900010096421C0F
:100C70004B1E19A816A902F0CDF9002890D119A889
:100C800004F1200313A900F0B1FC00287FF488AF21
:100C900006F0D6FC00287FF483AF199841002FA8F6
:100CA000FFF70CFD00207EE74CF6012079E74CF6BB
:100CB000022076E74CF6032073E74CF6042070E739
:100CC000DA76000050770000E47600005A760000E3
:100CD0002DE9F04DADF5047D05460068FF2204784E
:100CE000002044A9B0F5807F02D00A540130F9E712
:100CF00000F061FC28BB0DF1B8082146404601F028
:100D000013FFF0B927A800F060FCD0B928680021D3
:100D10000FAA0130602903D0435C53540131F9E735
:100D20000FAA00212BAF0C1D102C10D078182021F9
:100D3000202302F1200506F095FC00282A462146D2
:100D4000F1D000F03CFC0DF5047DBDE8F08D08F11C
:100D50000C004FF0000A01260DF10C0B019044AD80
:100D6000BAF10C0F3BD028A8202100EB0A04204642
:100D700006F06EFC0028E4D12068314606F0A8FC9D
:100D80000028DED14046594601F04FFD0028D8D159
:100D9000029607EB0A06019940465B46324602F08E
:100DA000D3F80028CDD12068294600F00BFC00289C
:100DB000C7D1306805F1200100F004FC0028C0D143
:100DC0004046594602F061F8029E40350BF10C0B8B
:100DD0000AF1040A2BAF01360028C1D0B1E72798E9
:100DE000032300902EA828A92BAA01F041FA00287D
:100DF000A7D1279844A92022C03106F073FC00280F
:100E00009FD12EA827AA03AB019902F09DF80028D4
:100E100097D144A800F1E0022EA803A90FAB02F07D
:100E20000EF800288DD144A800F0D9FB06F008FC8C
:100E300000287FF486AF002085E72DE9F04DADF561
:100E40000A7D04460068FF220578002048A9B0F515
:100E5000807F02D00A540130F9E700F0ACFB90BB70
:100E600032A800F0C9FB70BB206800221AA902302A
:100E7000202A03D0835C8B540132F9E76268023A7E
:100E8000CDE9880201F1200288A8012106F041F98C
:100E9000C8B91AAA002117AC0D1D102D0BD060186F
:100EA0002021202302F1200606F0DCFB0028324638
:100EB0002946F1D007E00AA800F087FB18B909A875
:100EC00000F083FB28B100F07AFB0DF50A7DBDE848
:100ED000F08D4FF000080DF5907B0BAE0DF1C80AB8
:100EE0000024B8F1100F4DD005A8202100EB080711
:100EF000384606F0ADFB0028E5D101A8202100EB23
:100F00000805284606F0A4FB0028DCD109982146F4
:100F100006F0DEFB0028D6D12868214606F0D8FB73
:100F20000028D0D15046314601F07FFC0028CAD1BC
:100F3000DDE9093002220090504617A901F0DBF9E3
:100F40000028C0D138680A9906F0B8FB0028BAD149
:100F50005046314601F099FF0028B4D1099859460E
:100F600000F030FB0028AED10A980BF1200100F010
:100F700029FB0C3601340BF1400B08F10408002862
:100F8000AFD0A0E700210C1D102C07D017A80844F3
:100F900006F074FB00282146F5D094E70A98032355
:100FA000009001A8011D05A8021D32A801F060F9FA
:100FB00000287FF488AF48A800F011FB06F040FB42
:100FC00000287FF480AF00207FE7B0B5D8B004469A
:100FD00000F0F1FA002842D12068017802A801F05F
:100FE000A3FDE0BB01A800F0F0FAC0BB00F0F0FAEE
:100FF00002F0B8FA98BB019818AD2022294606F0F5
:1010000071FB60BB00F0E4FA02F0BAFA38BB019859
:1010100005F1200100F0D6FA08BB00F0D9FA02F081
:10102000C3FAE0B9019805F1400100F0CBFAB0B97C
:1010300000F0CEFA02F0C6FA88B9019805F1600115
:1010400000F0C0FA58B9049805F1E00100F0BAFACE
:1010500028B918A800F0C3FA06F0F2FA18B100F0A7
:10106000AEFA58B0B0BD0020FBE7000010B5ADF5FA
:10107000507D044600F09FFA10BB206801787AA8E2
:1010800001F052FDE0B979A800F09FFAC0B901ACB7
:1010900010494FF4F0722046794406F08FFD799B99
:1010A0007AA82146032201F088F948B9799890A9D5
:1010B0002022203106F016FB10B906F0C1FA20B14B
:1010C00000F07DFA0DF5507D10BD90A800F091FA6A
:1010D0000020F7E77C74000070B5ADF56A7D04462A
:1010E00000F069FA68BB2068017894A801F01CFD43
:1010F00038BB94A891AC214601F097FB08BB19AD11
:1011000015494FF4F0722846794406F057FD01AEB8
:10111000124960223046794406F050FD009494A8AC
:1011200029463246032301F0C5F950B9AAAA94A86A
:1011300091A902F1200301F082FE10B906F080FAB5
:1011400020B100F03CFA0DF56A7D70BDAAA84021DF
:10115000FFF7B4FA0020F6E7EC750000BE77000058
:101160002DE9F045ADF21C4D044600F024FA0028AC
:1011700040F09D8020680178B1A801F0D5FC0028DE
:1011800040F09580B0A800F020FA002840F08F8051
:10119000B1A8ADAD294601F048FB002840F087809A
:1011A00035AC47494FF4F0722046794406F006FD0D
:1011B000B09BB1A82146032201F0FFF8002876D1A8
:1011C0000DF54778B09820222026414606F08AFA8D
:1011D00000286CD13B490DF1B40A202250467944D5
:1011E00006F0ECFC25A838492022794406F0E6FCFC
:1011F0001DAC364920222046794406F0DFFC08F178
:1012000020078DE8D000B1A835AA5146032301F08C
:10121000C2F900284BD10095B1A835A93A4603235D
:1012200001F048F9002842D1B1A808F1800208F184
:10123000A003ADA901F003FEC8BB0DAC24494022B8
:101240002046794406F0BAFCB09820212246CDE928
:101250000010B1A8ADA925AB01F028FA38BBB098B1
:1012600008F1C00100F0AEF908BB03A8194920221B
:10127000794406F0A3FC0CA800F0A7F9B8B90BA8B4
:1012800003AA202100F0AFF988B9B099DDE90B205D
:1012900006F07CFA58B90C9808F1E00100F092F9D8
:1012A00028B9C7A800F09BF906F0CAF928B100F0E8
:1012B00086F90DF21C4DBDE8F0850020F9E700BF6E
:1012C0008A770000567100000A7000005C7100000F
:1012D000D27800008470000070B5F0B02C4E044647
:1012E0004FF43C7109EB0605284606F07FFC002010
:1012F00005F53B7109F8060085F8C002204605F0A7
:1013000019FAC0B309EB060090F8EC2200F5317130
:10131000204605F062FA70B309EB060000210522B1
:1013200090F8EC32CDE90221049100F1490400F17A
:10133000080500F5317200202121CDE9005405F0A7
:101340000DFB06A80621202205F00DFF78B909EB58
:101350000600412200F1080106A805F009FF30B996
:101360000C4C06A809EB040105F0F3FE50B100F0A7
:1013700026F970B070BD46F6872070B0BDE87040A9
:10138000FFF7A7B909EB040000F033F90020F0E7FC
:1013900000000000F0020000B0B5AAB00068FF2114
:1013A000057800201AAC402802D021540130FAE719
:1013B00000F001F9F8B904A800F01EF9D8B904A8A2
:1013C00001A901F032FAB0B90E4809EB000104A8F6
:1013D00001AA00F05DFD70B904A804F1200301A981
:1013E00000F004F938B9049841001AA8FFF766F92B
:1013F00006F026F918B100F0E2F82AB0B0BD0020DE
:10140000FBE700BFF002000070B5BCB00546006805
:10141000FF210478002024AE602802D0315401302E
:10142000FAE700F0C8F868BB2868002103AA013079
:10143000202903D0435C53540131F9E70EA821461B
:1014400001F072FBF0B90EA80BA901F0EEF9C8B9D2
:101450000F4C0EA80BAA09EB040100F019FD88B986
:10146000202009EB0401CDE900060EA80BAA03AB6E
:1014700000F036FD30B924A86021FFF71FF906F00F
:10148000DFF818B100F09BF83CB070BD0020FBE71E
:10149000F0020000F0B5ADF57F7D044600F08BF85A
:1014A000002857D120680178A9A801F03DFB002849
:1014B00050D131A82B494FF4F072794406F07EFBED
:1014C00029A8294920222027794406F077FB21A862
:1014D00026492022794406F071FB19AC24492022C8
:1014E0002046794406F06AFB09A822494022794443
:1014F00006F064FBA9A806AD294601F096F948BBA1
:10150000BFAE03208DE89100CDE90356A9A929AA11
:1015100031AB012001F024F9E0B905A820212024F5
:1015200006F096F8B0B90598CDE90040A9A806A93B
:1015300009AA21AB01F0BAF860B9059806F180015B
:1015400000F040F830B9BFA8A021FFF7B7F806F0C7
:1015500077F820B100F033F80DF57F7DF0BD002065
:10156000FAE700BF7A7400006C6E0000206D000086
:10157000726E00002676000010B5CCB0044600F074
:101580001AF890B92068017806A801F0CDFA60B980
:1015900006A81CA96A4600F003FF30B91CA8C021A8
:1015A000FFF78CF806F04CF818B100F008F84CB0D2
:1015B00010BD0020FBE72020002106F037B880B2E4
:1015C000FFF787B8202206F08DB8202106F040B83A
:1015D000D4E90001019B049A0130013970474FF4AE
:1015E0008071FFF76BB8202306F03CB8224601F06B
:1015F00026BC2021FFF762B8294601F095BA000009
:10160000B0B59AB041200DF1050441228DF80500D6
:101610000B4809EB0005601C05F1080106F0CEFA45
:10162000202005F1490120228DF8470004F14300F4
:1016300006F0C4FA2046632100F004F81AB0B0BDE9
:1016400000000000F8B5002201AB07C301A801218A
:101650004FF4104205F0C0FA04B080BDF0B599B067
:101660000DF102046121651C284606F0B1FA084814
:1016700000F010F88DF8026006F0A0FA97F8B912A1
:1016800030194170B11C2046FFF7DCFF19B0F0BDE6
:101690000000000009EB0007284697F8B86207F53C
:1016A0001671324670472DE9F041BCB00446002067
:1016B000A568A061002D4DD0206900284AD006F011
:1016C000E3FA282846D1207B4FF0000839956121A4
:1016D000CDF8EC803A9015AD284606F079FA39AE8F
:1016E0000DF1E301304605F025F89DF8E3202EAF1B
:1016F0003046394605F071F8052005F141019DF8A5
:10170000E3303A46CDF81080CDE90051CDE902082A
:101710000020212105F022F9E0B910AD142128465E
:1017200006F056FA15A829461422FEF77DFC05AEF0
:101730002921304606F04CFA284614213246292346
:1017400005F0EAF921693046292206F0A5FA08B920
:101750000120A0613CB0BDE8F081000070B58CB004
:1017600004AC06461E21204606F032FA06F10E05AC
:101770003221284606F02CFA0020317BCDE9020008
:10178000B06802AA05F0B4FB78B10320DDE90223BA
:101790001E210090204605F078F900942846322159
:1017A0001E23034A7A4405F075FD0CB070BD00BFDE
:1017B00064690000F0B593B08569ADB3044628466E
:1017C00006F062FA28282FD1A7686FB36E46482129
:1017D000304606F0FDF906F118000021282909D04D
:1017E0006A5CA2F16103DBB21A2B38BF203A425483
:1017F0000131F3E7217B06F10802384605F078FB5A
:1018000090B1217D206906F1100205F071FB58B1FD
:1018100001248DF8004005F031FD05486946482255
:10182000484406F0CBF900E00024204613B0F0BD98
:101830001003000070B58CB01D4E19F806402CB393
:1018400009EB0604D4E9024569406040084321D110
:1018500009EB0600D0E904015940504008431DD16E
:1018600001AD109C2921284606F0B2F9204614212A
:101870002A46292305F050F909EB060029461830BD
:1018800006F0F8F970B901200CB070BD4FF440407B
:10189000FF210AE04FF44040012106E04FF44040B0
:1018A000032102E04FF440400221002205F0E7FA54
:1018B0001003000070B50D46044610B9012005F074
:1018C00069FC15B9012005F065FC6068B0F5FF7F83
:1018D00001D9F9204BE020462946002204F040FFC0
:1018E00030B32068A16808441421A861204604F0A0
:1018F00016FFF8B105F1080120460022002604F089
:101900002FFFC8B105F120012046C5E9046604F0A7
:1019100047FF296A90B9686A5FEA50004FEA3102CE
:101920000023D2F1E80273EB000007D2FC201EE096
:10193000FF201CE0FE201AE0FD2018E02068A268CD
:101940001044E861204604F0EAFE68B105F11C038A
:101950000DCB00F00EF848B1D4E901126FF006008B
:101960008A4208BF012002E0FB2000E0FA2040B2DA
:1019700070BDF8B51C461546064610B9012005F0A5
:1019800009FC002000230246401B194673EB0400AB
:1019900006D2B756501C41F10003B7F1FF3FF2DC0D
:1019A0000020521BA14128BF0120F8BD08B1FFF75C
:1019B00027BE46F6851000F000B880B5024600202C
:1019C000002105F009F980BD2DE9F0418CB078B314
:1019D000DFF89480022000252027032240F20164D2
:1019E0000DF12C0C0DF1280E0B9509F80800602064
:1019F0000A9009EB080090F8EC3200F50E7100F542
:101A00001676CDE9004200F5317200200895CDE947
:101A100006C5CDE902172121CDE9046E04F0D2FFFD
:101A200088B14BF2080009F80850FFF7C6FF17E02D
:101A30000D48002109F8001046F685100CB0BDE8ED
:101A4000F041FFF7BABF0A9909EB080080F8B81215
:101A50009DF82C1001F0010180F8B912FFF7FEFD8E
:101A60000CB0BDE8F08100BF00000000FF2005F0D1
:101A700069FF0000BFB5194C17487C4409EB00050D
:101A800000F0D8F8142169731549164A79447A444C
:101A9000C5E901210078287300F0CCF8152169769A
:101AA0001149124A79447A44C5E904210021407859
:101AB00028760F480F4A104B78447A447B44CDE98E
:101AC0000032CDE902100022FF230C480C49784473
:101AD000794403F099F8BFBD5803000082770000F5
:101AE00029650000906600008C650000F863000026
:101AF000B1FFFFFFA67000009870000000670000B3
:101B000027620000BFB5224C152809F8042011D027
:101B100014282AD109EB04051E4C7C4400F08AF8F5
:101B20000078B0FA80F0400928738DF80F0000F0BB
:101B300081F815E01848784405F03EFD4078A8B1DA
:101B400009EB0405154C7C4400F074F84078B0FAB9
:101B500080F0400928768DF80F0000F06BF8013016
:101B60000DF10F01012205F057FDBFBD0C480D49D5
:101B700078447944CDE900100B480C490C4A0D4BD0
:101B8000784479447A447B4403F0D4FCBFBD00BF61
:101B900058030000E2760000C6760000B67600002A
:101BA00045000000E4640000F16200001C630000D6
:101BB000BA630000A0650000B0B586B0A8B1174CAC
:101BC00015487C4409EB000500F034F84078B0FA81
:101BD00080F0400928768DF8170000F02BF80130CE
:101BE0000DF11701012205F017FD0B48002119F82E
:101BF00000300B480B4A0C4C78447A447C44CDE9C5
:101C00000042CDE90210002208480949784479448D
:101C100002F0FAFF06B0B0BD580300003A760000AB
:101C200071FEFFFF666F0000586F0000C265000084
:101C3000E9600000204605F0BFBC000070B588B028
:101C4000224E09EB060119F8060091F8C01208436C
:101C50002AD11F4D2B2109EB050005F0B9FF03AC7C
:101C60001421204605F0B4FF09EB0600214614229A
:101C70000830FEF7D9F908B309EB050203A81421CF
:101C80002B2304F049FF013018D012480024002112
:101C90007844CDE9004009EB05000F4A0F4B7A4428
:101CA0007B4403F02BF90EE0002009F806004BF20C
:101CB000070008B0BDE8704000F012B84BF2020017
:101CC00000F00EF80446204608B070BD0000000089
:101CD000740300005D000000F6610000F66400007F
:101CE00080B502460020002104F076FF80BD000090
:101CF00010B50446FFF75AFE0720002C18BF062037
:101D000002497944BDE8104003F0EABA6FFDFFFFD5
:101D1000F0B585B02D4F044609EB070090F8C002DE
:101D2000012837D119F80700012833D1284E402166
:101D300009EB060000F13405284605F049FF09EBE0
:101D4000070014212A4640232D3004F0E5FE01301F
:101D500026D0204909EB06000246794442F8141FB8
:101D60000121C172017200F1340149F8062081613C
:101D7000002119487844D4B1CDE90210CDE9001111
:101D800009EB06010020154A154B7A447B4403F009
:101D9000A3F818E0002009F807004BF2070001E063
:101DA0004BF2020005B0BDE8F04000F01FB8CDE9ED
:101DB0000011029009EB060100200A4A0A4B7A44FE
:101DC0007B4402F0C9FF002005B0F0BD0000000018
:101DD000A0030000E2630000850000000A6100002B
:101DE0001D640000D6600000E963000080B5024673
:101DF0000020002104F0F0FE80BD000010B5044674
:101E0000FFF7E2FD034984F001007944BDE810408A
:101E100003F066BA67FCFFFF0120FFF779BF0020DF
:101E2000FFF776BF2DE9FC4D0C46CDE90002684670
:101E300001210126224605F06CF9054618BB2078E1
:101E400000F0F8002070E07F66F39F10E077D4E99F
:101E500000010E4E7E44B04780468A46D4E9020116
:101E6000B04783460F46D4E90601B047C4E90001F4
:101E7000D4E90401B04704F1080282E8030804F140
:101E8000140080E880052846BDE8FC8D3D03000075
:101E900070B592B01446026802AE05460846314657
:101EA000FFF7C0FF00200021202809D0325C490143
:101EB000130641EAD361315402F007010130F3E720
:101EC0002946284651F80C3B009402AA01F0A2F8DA
:101ED00018B92846214600F0D8FF12B070BD0000A6
:101EE0002DE9F04DADF5467D0546CE98202818D158
:101EF0000E4682A928461F46924600F096FC88B9F5
:101F00002A6872AC30462146FFF78CFF50B9DDF8E5
:101F10003CB300205AA9202808D0225C0A54013082
:101F2000F9E79A480DF5467DBDE8F08D12A8092124
:101F3000402205F018F90028F4D104F1200112A87C
:101F4000202205F015F90028ECD112A839462022EC
:101F500005F00EF90028E5D112A862AC214605F083
:101F6000F8F80028DED13F2072A9421C04D0225C80
:101F7000013801F8012BF8E789A872AA4021402313
:101F800005F070FB0028CDD187A8402105F060FB4B
:101F90000028C7D17E490DF1080840224046794407
:101FA00005F00CFE88A840214246402305F05AFB6C
:101FB0000028B7D18999DDE9870205F0E7FB002801
:101FC000B0D187AA05F10C0182AB284600F0BCFF16
:101FD0000028A7D182A9284600F057FF0028A1D1E8
:101FE0000BF1200682A928465A46334600F027FF07
:101FF000002897D1879852A900F0D0F8002891D1F5
:1020000088A805F03BFB00287FF48CAF89A805F079
:1020100035FB00287FF486AF87A805F02FFB00284A
:102020007FF480AF284600F0AEFE00287FF47AAF40
:1020300005F120048AA800F0B4F800287FF472AFFC
:102040001F2062A9421C04D03A5C013801F8012B20
:10205000F8E78299919805F031FB00287FF462AF90
:102060008399929805F02AFB00287FF45BAFDAF899
:102070000010939805F022FB00287FF453AFDAF8A4
:102080000410949805F01AFB00287FF44BAF959844
:1020900062A9202205F006FB00287FF443AF959843
:1020A0002246014605F0A8FB00287FF43BAF82984A
:1020B000594600F073F800287FF434AF8398314616
:1020C00000F06CF800287FF42DAF82A9284600F0BC
:1020D000C1FB00287FF426AF85A8202105F0B8FABF
:1020E00000287FF41FAF8AA885AA0021012301F0F0
:1020F0001DF900287FF416AF85982246014605F0A9
:1021000087FB00287FF40EAF86A85AAA202120233F
:1021100005F0A8FA00287FF405AF01A8202105F0FA
:1021200097FA00287FF4FEAE08F1200288A820214B
:10213000202305F097FA00287FF4F4AE889BDDE9B0
:102140008512019805F016FB00287FF4EBAE859808
:1021500052A9202205F0A6FA00287FF4E3AE889B5E
:10216000019ADDE9851005F0EDFA00287FF4DAAE7A
:10217000889ADDE9850105F009FB00287FF4D2AEDD
:1021800085980BF1400100F009F8CBE6034E4B5A5D
:102190001A6C00000ABA01BA10467047202205F0F6
:1021A000A1BA05210522234601F05AB82DE9F045D0
:1021B00085B00E46074603A8202100F02AFB98B9F7
:1021C00002A8202105F044FA70B901A8202105F0E9
:1021D0003FFA48B90398012105F07AFA20B902982C
:1021E000012105F075FA10B105B0BDE8F085DDF804
:1021F00030800DF1100A1EB338682946524605F0AA
:102200007DFA0028F0D10498B8B102983A682346C4
:10221000014605F0AFFA0028E6D1396801982A4650
:10222000234605F09BFA0028DED10398019A234645
:10223000014605F09FFA0028D6D10437013EDAE7BF
:1022400003994046224605F0ADFA0028CCD1029A07
:1022500040464146234605F08DFA0028C4D103A824
:1022600005F00CFA0028BFD102A805F007FABBE779
:102270002DE9FE450F46064602A820211C4692463F
:1022800005F0E6F908B1BDE8FE8501A8202105F0BA
:10229000DFF90028F7D10298002105F019FA00288B
:1022A000F1D1DDF828800025AC421DD0019857F807
:1022B0002520B368214600903846FFF777FF0028B5
:1022C000E1D101985AF82520B368014605F052FA89
:1022D0000028D8D1DDE90120B368014605F032FAC3
:1022E00001350028E0D0CEE7B2680299404605F0FB
:1022F0004DFABDE8FE852DE9FC410E460168074612
:1023000001A800F086FA08B1BDE8FC81DDF8208064
:1023100056F82510404605F0D1F90028F4D1043EC6
:10232000BB68019841467DB1224605F023FA00289A
:10233000EAD156F82520BB680199404605F002FA1B
:10234000013D0028ECD0DFE71A4605F01FFA00280F
:10235000DAD10199404605F0B1F90028D4D101A89D
:1023600005F08CF9BDE8FC81B0B592B06D4604462D
:102370002021284604F001FF0848202209EB000133
:1023800005F1200005F01AFC402001212246CDE98C
:10239000105010A804F07EFE12B0B0BDF002000094
:1023A00010B508460C46FFF7DFFF00B110BD04F181
:1023B0002000BDE81040FFF7D7BF2DE9F04DD6B0A3
:1023C000064616A81C4615460F4601F039F910B10D
:1023D00056B0BDE8F08DCDE90476019406A84FF023
:1023E000000A4FF0020B042600240295A0F1010818
:1023F000AC4258D0059804EB840103910568049819
:1024000005FB0A00294629B110F8012B08F8012024
:102410000139F8E716A806A92A4601F02BF9002889
:10242000D6D10398049F431C059805FB0B710268E5
:10243000501E154602FB0303FB5C2DB111F8017B16
:1024400008F80570013DF8E706A90D5C45EAC313DD
:102450000B5416A801F00EF90028B9D10598049D77
:1024600002680398C31C501E02FB065102FB0303C3
:10247000EB5C15462DB111F8017B08F80570013DA4
:10248000F8E706A90D5C45EAC3130B5416A801F042
:10249000F1F805360134029D0BF1050B0AF1050A2E
:1024A0000028A5D094E70598816816A8019A01F044
:1024B000E3F88DE72DE9F04D88B00D4605A91F46DC
:1024C0009346044600F0B1F948B902A9204600F04D
:1024D000ACF920B91099204600F09EFC10B108B06C
:1024E000BDE8F08D05AE4FF000084FF0040A0195ED
:1024F000474541D02268AAF10300334602FB005150
:10250000AAF1020002FB0052204600F0FDFB002869
:10251000E5D11099204632460B4600F017FA002804
:10252000DDD12268AAF10100334602FB005102FB13
:102530000A52204600F0E8FB0028D0D12368584614
:102540000DF1080B31460546CDF800B003FB08023B
:10255000204600F05FFD0028C1D1109920465A4660
:102560000B4600F0F3F9AB46019D0AF1050A08F1AC
:1025700001080028BCD0B2E71099204600F085FC85
:102580000028ACD105A900F048F90028A7D102A97C
:1025900000F043F9A3E72DE9F04DF4B00E460168D1
:1025A000074673A800F035F9F0B9396872A805F04C
:1025B0004FF8C8B9DDE97C01BA68739B00F0F4FFFD
:1025C00090B9729B384629462246FFF7F6FE58B965
:1025D0003A68739812A905F085F828B93A68729894
:1025E00002A905F07FF810B174B0BDE8F08D0020AD
:1025F0000DF1C80A0DF1880B4FF00008009044451A
:1026000043D0396801A805F023F80028ECD15046E2
:1026100000F0FCFF0028E7D1396830465A4600F048
:10262000E9F80028E0D1396812A85A4600F0E2F82B
:102630000028D9D1396802A85A4600F0DBF80028F2
:10264000D2D1396800985A4600FB015000F0D2F808
:102650000028C9D1B968019A504601F00DF8002848
:10266000C2D13A687E9802FB0801019805F03AF859
:102670000028B9D101A805F001F80028B4D10098CC
:1026800008F1010805300090B9E773A804F0F6FFDF
:102690000028A9D172A804F0F1FFA5E7013A21B101
:1026A00010F8013B53540139F9E770472DE9F04127
:1026B000BCB00646429820284BD130461F461446EF
:1026C0000D4600F060FB002844D106F12008684662
:1026D00005210522434600F0C3FDD8BB29680798B1
:1026E00004F0ECFFB0BB6968089804F0E7FF88BB12
:1026F00032680998214604F0D5FF58BB099800F0CC
:1027000084F838BB32680A9804F1200104F0CAFF4B
:1027100000BB0A9800F079F8E0B90B9839462022FE
:1027200004F0C0FFB0B90B9800F06FF890B93046D4
:10273000294600F08FF868B9684643AA00210123B2
:1027400000F0F4FD30B943984246014605F060F8C8
:1027500000E002483CB0BDE8F08100BF034E4B5A98
:102760002DE9F04D9CB00C4607461BA800F058F828
:10277000E8BBDDF890A01B9B204629465246FFF798
:102780001CFEA0BBDDF8A0801B982022414604F06F
:10279000A9FF60BBDDE925100DF10C0B2A4653465D
:1027A000CDF808B0CDE9001020463146FFF7F3FE22
:1027B000E8B90BEB4710279E2022A0F1200108F179
:1027C000200005F0FBF9204629465A46534600965C
:1027D000FFF770FE58B908F1400208F16003204687
:1027E000314600F02CFB10B91BA804F047FF1CB0C9
:1027F000BDE8F08D4DF808EDFFF750FF3A68504600
:1028000059465DF808EB00F035BF4246014604F03A
:10281000F3BF1C46154604F01BBF204600F01AB853
:1028200020211D46164604F013BFB0B50D460168C1
:102830000446284604F00CFF20B92168281D04F046
:1028400007FF00B1B0BD216805F10800BDE8B04048
:1028500004F0FEBE10B508460C4604F00FFF18B990
:10286000201D04F00BFF00B110BD04F10800BDE80D
:10287000104004F003BFF8B50F4614460546436800
:102880000968406B7A6804F05DFF002854D1D5E9EF
:102890000C0105F1200600F0E3FB00284CD139685B
:1028A000686B00F0DDFB002846D17968A86B00F06A
:1028B000D7FB002840D1A9696A6BE86B00F0CAFB1E
:1028C000D0BB6B68D5E90E21286C04F03BFF98BBA8
:1028D000B968A86C00F0C4FB70BB6B68E86A296C2F
:1028E000AA6C04F03BFF38BB6B68E96AD5E912209B
:1028F00004F034FF00BB05F12C026B6807CA04F03A
:102900002DFFC8B96B68D5E90B10AA6B04F026FF40
:1029100090B92A6BE96C206800F09CFB60B96B6889
:10292000D5E90D02E96B04F019FF28B96A6B296C2F
:10293000606800F08FFB00B1F8BD296CEA6CA068FC
:10294000334601B0BDE8F04004F06EBF2DE9F04120
:10295000064617460C4692688968C06A984606F192
:10296000200500F07AFB00287DD1D6E90B102B461C
:102970000A4604F059FF002875D13A682168706B47
:1029800000F06BFB00286ED17A686168B06B00F0D4
:1029900064FB002867D1D6E90D12F06C00F05DFBF6
:1029A000002860D1F269F06BF16C00F056FB002852
:1029B00059D17368316BD6E90F2004F0CFFE00289F
:1029C00051D17368316BF26B706C04F0BBFE002860
:1029D00049D1D4E900127368B06C04F0B3FE00284A
:1029E00041D1D7E900127368F06C04F0ABFED0BBA4
:1029F000306BD6E9121200F030FBA0BB7368D6E949
:102A00000C12B06C04F0AAFE68BB7368B26BD6E916
:102A1000121004F0A3FE30BBD6E90B10F26C00F0EC
:102A20001CFB00BB326B316CD8F8000000F015FBCA
:102A3000C8B9B169D6E90C0200F00FFB98B9736808
:102A4000326BB16BF06C04F089FE60B9306B716C65
:102A5000F26C00F002FB30B9D6E90B12D8F8040092
:102A600000F0FBFA08B1BDE8F081D6E91012D8F801
:102A700008002B46BDE8F04104F0D6BEF8B5054687
:102A80000F46052009681446009005F12006E86A03
:102A90000A4600F0DFFA00B1F8BD7968286B00F053
:102AA000DFFA0028F8D1D5E90B12686B00F0D2FAF2
:102AB0000028F1D1A969EA6AE86B00F0CBFA002896
:102AC000EAD1E86B6B682A6B014604F03BFE0028F4
:102AD000E2D1E9696A6B286C00F0BCFA0028DBD10E
:102AE0006B68AA6AA86B296C04F02CFE0028D3D16D
:102AF000A86B3246014604F08BFE0028CCD1E86B6F
:102B00003246014604F084FE0028C5D1D5E90E0105
:102B10006A4604F0F3FD0028BED10098B0FA80F0B8
:102B2000400920700020F8BD2DE9F04DD2B00446D8
:102B3000022922D0012940F0CD80202020222060CF
:102B40004AAF67493846794405F038F842AE6549DE
:102B500020223046794405F031F863490DF1E80A46
:102B600020225046794405F029F832AD5F492022F1
:102B70002846794405F022F82DE02020202220600C
:102B80002AAF5B493846794405F018F822AE594916
:102B900020223046794405F011F857490DF1680AB2
:102BA00020225046794405F009F812A85349202202
:102BB0000190794405F002F851490DF1280B2022CB
:102BC0005846794404F0FAFF02AD4E4920222846C7
:102BD000794404F0F3FF04F1040820213A4620234D
:102BE000404604F03FFD002875D120462A4650F8A3
:102BF000081B0B4604F036FD00286CD104F12005BB
:102C00002021284604F0E4FD002864D1D8F8001003
:102C1000284604F0E7FD00285DD1274657F8281B19
:102C2000384604F015FD002855D13868012104F01C
:102C30004FFD00284FD1386800F016FA00284AD11D
:102C400004F10C0720463946FFF7EFFD002842D17A
:102C5000019920465A463B4600F056F8D8BB274615
:102C6000324657F8181B38460B4604F0FBFC90BB65
:102C7000386800F0F9F970BB2646524656F81C1B1E
:102C800030460B4604F0EEFC28BB306800F0ECF94F
:102C900008BB204650F82C1B04F0DAFCD8B900F031
:102CA000FBF9C0B900F0E4F9A8B900F0F0F990B967
:102CB00000F0FCF978B900F0E5F960B900F0F1F93D
:102CC00048B900F0DAF930B954F84C1B204604F04A
:102CD000BFFC00E0014852B0BDE8F08D014E4B5AF8
:102CE000CE560000805800003058000062570000A7
:102CF0008E580000E0570000505800008258000035
:102D00009258000024570000FEB506681C4617467E
:102D10000A46054602A83146334604F0A3FC00B13A
:102D2000FEBD01A831463A46334604F09BFC00281C
:102D3000F6D16846314604F08BFC0028F0D105F14D
:102D4000200620680299324604F056FD0028E7D19B
:102D500060680199324604F04FFD0028E0D1A96A6D
:102D6000A06804F0ABFC0028DAD102A804F086FCCD
:102D70000028D5D101A804F081FC0028D0D16846F4
:102D800004F07CFCFEBD10B504462C3004F076FC4B
:102D9000D8BB04F1300004F071FCB0BB04F1340086
:102DA00004F06CFC88BB04F1380004F067FC60BBE5
:102DB00004F13C0004F062FC38BB04F1400004F074
:102DC0005DFC10BB04F1440004F058FCE8B904F1C8
:102DD000480004F053FCC0B904F14C0004F04EFC70
:102DE00098B904F10C01FFF735FD70B904F1180032
:102DF00004F044FC48B904F11C0004F03FFC20B985
:102E000004F1280004F03AFC00B110BD04F1080000
:102E1000BDE8104004F032BCB0B5054608680C4669
:102E2000002104F055FC18B9A96A00F044F900B17A
:102E3000B0BDA96AA068BDE8B04004F03FBC2DE970
:102E4000F041984616460F46054600F01EF898B920
:102E500005F120043968E86A224604F0D9FC58B923
:102E60007968286B224604F0D3FC28B92A68E86AFE
:102E7000314604F037FC08B1BDE8F0812A68286BC0
:102E80004146BDE8F04104F02DBC70B505460C4646
:102E90008968C06A05F12006324604F0E1FCD0B929
:102EA0002268D5E90B1000F0D5F8A0B96268E96A8C
:102EB000686B00F0CFF870B9A268E96AA86B00F0FF
:102EC000C9F840B9296B206804F0F8FB18B9696BA0
:102ED00000F0F1F800B170BDA96BA068BDE87040CA
:102EE00004F0ECBBB0B50C4605460168206804F060
:102EF000E5FB18B9696800F0DEF800B1B0BDA9685B
:102F0000A068BDE8B04004F0D9BBF8B50E46016832
:102F1000074618461C46154604F09AFB50B9396816
:102F2000201D04F095FB28B9396804F1080004F06D
:102F30008FFB00B1F8BD384631462A46234601B022
:102F4000BDE8F040FFF7E0BE2DE9FF4D0746002049
:102F50008846154600219B4603908DF80B001068AB
:102F600003AA04F0D7FB38BB0398D0B1286801A9A5
:102F700004F08EFB00BB02204FF0FF310DF10B047B
:102F80003865019801EBC006002001280FD02868A1
:102F90003146224604F0CAFB70B99DF80B00013E91
:102FA000F3E738465946FFF737FF28B9DEE74046D2
:102FB0005946FFF797FF10B104B0BDE8F08D01202E
:102FC0000DF10B0AC7E91406002E20D438465946E5
:102FD0005A46FFF750FC0028EED1386D3146524674
:102FE00040003865286804F0A1FB0028E4D19DF872
:102FF0000B0050B13846594642465B46FFF7A6FCE7
:103000000028D9D1386D01303865013EDCE7002059
:10301000D2E70000BCB50C46016899423CBF0C48A1
:10302000BCBD0546CA20286501A804F01BFB00B101
:10303000BCBDB320069B2146286501AA2846FFF7A0
:1030400083FF0028F4D101A804F018FBBCBD00BF29
:10305000014E4B5A334604F0E7BB2B4604F0E4BB69
:1030600033460A4604F0E0BB2A46014604F0C4BBDE
:10307000204650F8341B04F0EBBA204650F8481BA9
:1030800004F0E6BA204650F8401B04F0E1BA2046AE
:1030900050F8381B04F0DCBA204650F8301B04F01E
:1030A000D7BA204650F8441B04F0D2BA204650F854
:1030B0003C1B04F0CDBA606804F000BBB0B5C26838
:1030C00090E81A005FEA52054FEA3402E407C5604F
:1030D000DD0744EA530445EA51054460154C056098
:1030E0002140154C234019440C0C44EA034443EAA4
:1030F000134321440C0A44EA036483EA1323614026
:103100000C0944EA037483EA131361408C0844EA0F
:10311000837483EA930361405FEA53034FEA310308
:10312000594001F0010182EAC13282600846002163
:10313000B0BD00BF01208000400008402DE9F845E7
:103140000C4605464FF0000A4FF000080027A74242
:1031500015D22846FFF7B2FF06462846FFF7AEFF16
:1031600010EB46008107F2D500F001004FEA48015C
:10317000013740EA4A0041EADA788246E7E75046FA
:103180004146BDE8F8850000B0B5094A094B044640
:10319000A02500204FF6FF71C4E90210C4E90032F7
:1031A00025B12046FFF78AFF013DF9E7B0BD00BF1A
:1031B00010F0FCFF02FC01182DE9F041204F224ED7
:1031C00005460C460020B8461E4F7E44F8B92846F6
:1031D0003E21B047C4E9000128464021B047C4E978
:1031E000020128464021B047C4E904012846402195
:1031F000B047C4E90601D4E900013A46C01B404685
:1032000071EB08004FF0000038BF0120DEE7D4E981
:1032100000010E4D7D44A847C4E90001D4E9020134
:10322000A847C4E90201D4E90401A847C4E904019C
:10323000D4E90601A847C4E90601BDE8F08100BF52
:103240004E4B5A302221584F6FFFFFFF39000000CC
:103250000ABA01BA10467047C030FFF7ADBF000090
:103260002DE9F041ADF5906D0446C0301E4617467D
:103270000D46FFF789FF2C49E8464FF4906240461F
:10328000794404F09BFC0020257366612146C4F854
:10329000D000781CC4E90170306804F0F9F930B945
:1032A000204650F8D46B314604F0D2F918B10DF530
:1032B000906DBDE8F081A0680025854230D204EB16
:1032C0008507314607F1180004F0C2F90028EED155
:1032D00007F1D800314604F0BBF90028E7D10027F8
:1032E000A06887421AD205FB00703146334600FBC6
:1032F000068204EB8000303004F0B4F90028D6D107
:10330000A068626905FB007004EB8000006B014659
:1033100004F072FA01370028E2D0C8E70135CCE7A3
:10332000012020610020C2E7785900002DE9F04D0E
:103330008CB006460069012840F0B480B0691F4691
:10334000924604F0C5F9002840F0AD8006F10C006B
:1033500006F1180806F1C00B01900020442800F087
:10336000AE803468CDE9020A4FF0000AB0688245A9
:1033700024D204AD58462946FFF71EFFD6F8D800E0
:103380002946224604F08EF9002840F08C80D6F8B9
:10339000D8007269014604F02FFA002840F08380BB
:1033A000726958F82A00D6F8D8101368024604F05B
:1033B000C9F90AF1010A0028D8D074E00299042959
:1033C00001D3402923D3DDF80CA0002484422BD262
:1033D00058F824107369D6F8D8000A4604F024FA85
:1033E000002860D1D6E9361073690A4604F01CFA49
:1033F000002858D158F824007369D6F8DC2001461B
:1034000004F012FA00284ED1B0680134DEE7D6E9A4
:103410000510019A01230091014604F011FADDF82C
:103420000CA000283FD1B0680025854229D206EBC8
:103430008504002154F8D80F04F04AF998BB03958D
:103440000025B068854219D20399736901FB0050C9
:1034500058F8251006EB8000026BD6F8D40004F073
:10346000E3F900BB71692068D6F8D4200B680146E7
:1034700004F068F901350028E3D014E0039D01351C
:10348000D3E7002484420AD206EB84018869D1F88C
:10349000D81004F013F930B9B0680134F2E702989B
:1034A00001305BE708480CB0BDE8F08D58F8041B0C
:1034B0005AF8040B04F002F9013F0028F3D1002F61
:1034C000F4D10020EFE700BF024E4B5AF0B5D9B05F
:1034D0000E46074658A840211C46154604F0B8F889
:1034E000D8BB1F4968461D22794404F067FB08A831
:1034F0000921402203F037FE78BB08A869461D2247
:1035000003F036FE48BB08A83946324603F030FEC9
:1035100018BB08A82946224603F02AFEE8B908A8E5
:1035200048AE314603F015FEB8B9DDE95E4500202E
:103530003F21202802D000F0DDF8FAE7589848A98A
:10354000402204F0AFF840B958992846224604F0CA
:103550001DF910B958A804F091F859B0F0BD00BF9A
:10356000905B0000BFB505466F2000F0B7F846F647
:10357000720000F0BAF803A8FFF7A8FF04B0B0BDCE
:10358000BFB5054665200C46CDE9002305218DF821
:103590000C0004482A462346029002A8FFF796FF33
:1035A00004B0B0BD6E6F6E63BFB50546672000F016
:1035B00095F847F26D3000F098F803A8FFF786FF02
:1035C00004B0B0BDBFB505466D2000F087F846F6E3
:1035D000637000F08AF803A8FFF778FF04B0B0BD6D
:1035E000F8B51D46044603F0BEFD38B9DDE90627EF
:1035F000089E2046294603F0BBFD00B1F8BD2046D9
:1036000039463246BDE8F84003F0B2BD70B58CB023
:1036100004466F201D221D268DF82E0046F67200EE
:10362000ADF82C0003AD05492846794404F0C6FAEC
:103630000BA900F049F80CB070BD00BF4E5A000055
:1036400070B58CB004466D201D221D268DF82E000D
:1036500046F66370ADF82C0003AD05492846794461
:1036600004F0ACFA0BA900F02FF80CB070BD00BF4D
:103670001A5A000003F07CBDF0B591B00C46074625
:1036800010A84021154603F0E3FFD8B96E4638462E
:10369000314603F05EFDA8B900203F21202802D06A
:1036A00000F028F8FAE710986946402203F0FAFF84
:1036B00040B910992846224604F068F810B910A8BD
:1036C00003F0DCFF11B0F0BD032040222B46CDE912
:1036D0000061029020460921FFF782BF0C46CDE928
:1036E000002303218DF80E0070472A462346ADF8CB
:1036F0000C007047325C735C3354725401390130F2
:103700007047F0B59DB01546229AC8B3C1B3BDB39A
:103710001C46ABB30AB1002111700178B02931D138
:103720004178A72931D0062936D0012931D18178B5
:1037300079BBC07868BB206800212160032821D3B1
:103740000126C71E26602E7020683A1A2844411CA4
:10375000012004F0EBF800F03FF820603A1A28440A
:10376000411C022004F0E2F800F036F8411C216010
:103770002E5404F0D3F821684A1C2260685428E0D3
:1037800014781EE046F685141BE0817809B9C078EC
:10379000D0B14FF4DC4414E0002121608378027939
:1037A00002ADCDE90015411D1846002304F082F852
:1037B000044628466C2104F019FA002C08BF4FF487
:1037C000104420461DB0F0BD002020600AB1012049
:1037D00010704FF41044F4E721684A1C22606854CA
:1037E00021680844704780B5C078202807D101209F
:1037F00003F0DDFC03F0EAFC03F0CFFC00210846F7
:1038000080BD0000B0B50A460146064800230025E9
:1038100009EB0004607804F0B3F80349657049448B
:103820008D71B0BD3E06000036060000FEB5664E46
:1038300000210546002201238DF80B1040F21111E2
:1038400009EB060004F0A8F804460128C0F2AB809A
:1038500019F80600A0F11001162905D8012202FA74
:1038600001F15A4A114206D1411E022967D330287C
:1038700018BF402877D1564F09EB0701487004F074
:1038800029F8AA2803D104F02EF8AA2845D109EB7B
:1038900006004078B0282CD140F21110611E019032
:1038A0000DF10B0000904B4801AB09EB000509EB53
:1038B000060001302A46FFF724FF0024019909EB96
:1038C0000706B0F5104F18BF2146020A00236A54BC
:1038D0006A185070881C2946019082B2707804F0F2
:1038E0004FF89DF80B10747001296AD000EAE0745B
:1038F00059E009EB07004078102843D0402843D016
:10390000212843D0222837D0232837D0302837D059
:10391000202814BF0020012039E02E485521022222
:10392000002309F8001009EB00011520487009EB8D
:103930000700407803B0BDE8F04004F021B8274FFD
:103940004E44013C711C224609EB070004F036F995
:1039500070781A280AD109EB0700214603B0BDE8A8
:10396000F040FFF740BF42281DD028E0EDB1002015
:10397000002403F0FBF816E0042008E0072006E02E
:10398000022004E0062002E0032000E005201249A6
:10399000013C2246494488710E4809EB0601013179
:1039A000484404F00BF92046FEBD19F8070015281D
:1039B000DDD8012101FA00F009490842D7D00024DE
:1039C000F1E7FF2003F0BEFF2505000001007F00A6
:1039D0003E0600001404000036060000BC0700008C
:1039E0002050200070B58AB00B4D0026182109EB3D
:1039F0000500467001AC204604F0EAF81120ADF84D
:103A00002460ADF81C00204603F0A6FF012009F851
:103A100005000AB070BD00BF3E06000070B5054647
:103A2000007848B1194809EB00018A7B52B148443B
:103A3000817E51B1002426E0144809EB00040020E7
:103A4000A07004E001F10C0401E000F11804002072
:103A50002646A060206046F8040F686803F0ACFDBD
:103A6000A060287805F108022070094B7B4420B142
:103A70003046072103F0A5FB04E03046072103F0A0
:103A80009BFB00206070204670BD00BF4006000018
:103A900025000000B0B590F83E20114802235C1CC0
:103AA0001DD0DCB209EB000504EB440405EB8405F2
:103AB0006D78AA4205D109EB000505EB8405AD78C8
:103AC0000DB9013BEBE709EB000202EB84029268BF
:103AD0002AB1484400EB8400BDE8B0401047B0BDB7
:103AE0004006000070B500284DD00D4649780446C8
:103AF000C80722D06178022003F077FB2A78697822
:103B0000234B244E002A7B447E44024608BF1E46B7
:103B100002F8216F330ED370330C9370320A80F8A1
:103B200022206268A37842F823000322C27704228D
:103B3000827500224272581CA07088074FF0000660
:103B400023D56178022003F050FB2978124A134BE9
:103B500000297A447B44014608BF134601F8213FFF
:103B60001A0E4672CA701A0C8A70190A80F822104E
:103B70006168A27841F822000321C177062181758E
:103B8000501CA07001E04FF0FF36304670BD00BF02
:103B9000E842000025430000CD4200008C420000B6
:103BA000002800F043812DE9F04D88B00E464178A1
:103BB0000546012017461C4603F017FB80460320EC
:103BC000002F08BF0120697888F8200003F012FB5D
:103BD0004146020E4FF0720A4FF0000B049701F8B5
:103BE000220F88F804A088F805B0CA70020C000AF9
:103BF00088F823008A700420697803F0F6FA0746F3
:103C00000320F877304603F0D7FC0146082087F8F8
:103C100005B087F804A00394002C08BF0A2087F899
:103C2000220005220B0E87F820203A4602F8261FB4
:103C3000D3700B0C93700A0A012387F82720722295
:103C400003F0ECFA0646052805951DD33E460420F0
:103C500001210DF11E0516F826CF7278B378F4789D
:103C600006F8010C16F8040C01910095059D4CEA2C
:103C7000022143EA0422042300F078FCBDF81E0070
:103C80003071000A7071042600F078FC8346C07918
:103C900097F82410049C06FB00FA41F001014FEA5A
:103CA0001A2087F82410022187F806A0F8714046F0
:103CB000B975002C10F8221F42788378C07841EA49
:103CC000022143EA002041EA0040076000F0108131
:103CD00003986978022840F0AB800520052503F0A1
:103CE00084FA0026074680F821600120ADF81A60AA
:103CF000ADF8186000F051FC204603F05DFC014671
:103D00000E20FE71BD75B87108200A0E87F82300D9
:103D1000384600F8251F00F020FC652840F2D880C6
:103D2000BB4697F8265097F8230001241BF8251F5F
:103D30009BF802209BF8033041EA052106AECDE94D
:103D4000006442EA03220DF11A0341EA02416622AD
:103D500003F05FFABDF81800BDF81A600C30387136
:103D6000000A78716D48132E28BF13269BF80010A7
:103D70009BF802209BF8033009EB000497F826001B
:103D800041EA002042EA0321324640EA014120464E
:103D900003F014FF00252046A55503F00DFC01217A
:103DA0008BF80000BD76059D7976010E8BF8031027
:103DB000010C000A87F826008BF80210404610F824
:103DC000221F42788378C07841EA022143EA00202A
:103DD00041EA00404760BDF81800002800F08680E6
:103DE00069780520052603F000FA0025074680F8CB
:103DF0002150012000F0D1FB049803F0DDFB0E21DF
:103E0000FD71B971082187F82310BDF81A1001441B
:103E1000384600F8251F0A0E00F09FFB0C300F21DA
:103E2000BE753871000A7871022057E000F0B2BB0D
:103E300000F0A1FB03260746C677204603F0BCFB33
:103E4000014672200024012338710A200A0E7C7179
:103E500087F8220000F061FB04281ED33D4615F8C8
:103E600026CF05F8016C15F8040C95F801E0AB7845
:103E7000E97807AA00920122019243EA01214CEA63
:103E80000E22032342EA0141722203F0D6F9BDF863
:103E90001C002871000A687103200399002908BFDB
:103EA00006469BF80700BC76BC7506FB00F106FBD6
:103EB00000A0B971090AF971022100F1020A7976AC
:103EC000052187F82010414600F03AFB4F600FE0D3
:103ED0000C3008213871000A7871012000227976AF
:103EE0004146BA7600F02CFB41F820700AF12C0A0A
:103EF0006868A978052288F816204FEA1A2240F847
:103F000021800020013188F806A088F8072088F871
:103F10001F00A97008B0BDE8F08D00BF6406000066
:103F200000284FD02DE9F04D0C46054600274FF0F4
:103F3000050B4FF003084FF0000A207982453ED26E
:103F40006079032802D3811E514535DC023050458B
:103F500032D3697800F00FFB216806465FFA8AF0D9
:103F6000884761790A228A4508BF082286F82220FC
:103F7000F771777186F820B086F8217086F816B050
:103F800086F81F803246030E02F8260FD370030C0A
:103F9000000A937086F827006868AA7840F82260C3
:103FA0000C20B07172203071AAEB010001090001F0
:103FB0007076501CB176A8700AF1010ABDE70020A6
:103FC000BDE8F08D00F0E6BA002800F0DC802DE9B5
:103FD000F04D86B00D4641788246012003F005F988
:103FE0009AF8011080460320032703F003F94146A5
:103FF000020E4FF0000B049501F8220F88F820B054
:10400000CA70020C000A8A7088F82300A868C0B33E
:104010009AF80110022003F0E8F80646C777A8686E
:1040200003F0CAFA3146020E86F813B086F809B0DA
:1040300001F8210FCA70020C8A70010A86F822105A
:10404000314601F812BF81F803B081F802B0414651
:1040500011F8222F4F788C78CD7811F8023C44EA81
:10406000052442EA0722049D42EA044242F8236002
:104070000222B2755A1C01F8022C8178C07841EAFC
:10408000002B2868002800F0A5809AF8011000F0A5
:1040900072FA07460320F877286803F08DFA014684
:1040A00072200024387105200A0E7C7187F82000E8
:1040B000384600F8261FC2700A0C8270080A87F87A
:1040C000270097F824006A7B40F0010087F824005D
:1040D0000820002A08BF0A2087F822007222012344
:1040E00003F09CF8064605281ED33D460420012116
:1040F0000DF1160415F826CF6A78AB78EE7805F83E
:10410000010C15F8040C0191009400244CEA0221E2
:1041100043EA0622042300F029FABDF8160004261B
:104120002871000A6871049D00F028FAC07987F8A8
:1041300021407043010AB871F971A96829B3414659
:1041400011F8222F4C7811F8023C8D78C97842EA98
:10415000042245EA012142EA01413A4601EB83018A
:1041600051F8041C02F8121F0B0ED3700B0C090A35
:104170005170002193701172032E38BF0121890004
:10418000D17108210AE000F005BA696819B100F0A0
:10419000F9F9022102E000F0F5F90521117141461B
:1041A000584411F8222F4C788D78CE7811F8023CC3
:1041B00042EA042245EA0624049D42EA044242F807
:1041C00023705A1C01F8022C797EBA7E41EA022142
:1041D00000EB010B6868002871D09AF801100420E8
:1041E000CDF80CA003F001F803240746C4776868F3
:1041F00003F0E2F9014600200123787172200A0ED3
:1042000038710A2087F82200052087F8200000F086
:1042100084F9824604281CD33D464FF0010C15F862
:10422000261F05F8014C6A78AB78EC7815F8040C79
:1042300005AECDE9006C41EA022143EA04220323E2
:1042400000F094F9BDF814004FF0030A2871000A39
:10425000687100F093F9414611F8223F4C788D784F
:10426000CE7811F8022C43EA042345EA06243D46A1
:1042700043EA044303EB820454F8044C05F8124F5C
:10428000260EEE70260C240AFC74AE7043F82270E1
:104290000223002401327B760823BC7687F8214074
:1042A000C079BB750AFB00F30AFB00B0DDE903A58A
:1042B000BB711B0A01F8022C00F1020BFB71287B79
:1042C0000221002808BF052188F81610DAF804003A
:1042D0009AF80210722240F82180002088F8042009
:1042E0004FEA1B22013188F806B088F8190088F8D7
:1042F0001A0088F8050088F81F0088F807208AF857
:10430000021006B0BDE8F08D2DE9F845002800F058
:1043100084800D464178044600F02DF94FF00308E3
:10432000064680F81F80286803F046F9014672208F
:1043300000270123307108200A0E777186F82200C9
:10434000052086F82000304600F8261FC2700A0CAF
:104350008270080A722286F8270096F8240040F03E
:10436000010086F82400082002F058FF012854D8E4
:1043700096F8220002F048FF6168A278B776F771DC
:1043800041F82260B071022086F81980B075501C87
:10439000A070686800284ED0617800F0ECF80646FE
:1043A0000320F077686803F007F9722137464FF071
:1043B00000084FF0050A31710A2107F8260F86F828
:1043C000058086F820A086F82210010EF970010CF5
:1043D000000A86F827000A20B97002F015FFC1090B
:1043E00096F82720BB784000F17196F82410B07140
:1043F00096F8220041F0010186F824103978FF7800
:1044000041EA022143EA07220123012741EA02414E
:10441000722202F003FF022802D94FF0FF365CE05F
:104420006068A17886F81A8086F816A040F82160A6
:10443000481C7776A0706178052002F0D6FE002631
:1044400007464FF0030A4FF0080880F8216001206A
:1044500087F820A087F81FA087F8238087F822001C
:10446000287A1F4A1F4901287A44794408BF114617
:104470003A460B0E02F8251FD3700B0C93700A0AF4
:1044800087F8262001283846174A184D7A447D447B
:1044900018BF2A4600F82E2F130EC370130C83701A
:1044A000100A87F82F00082002F0C2FE6168A27887
:1044B0006B78BE76FE7187F8168041F822700C2169
:1044C00087F819A0B971297841EA03210844511CE1
:1044D0000A303871000AA17078713046BDE8F8855D
:1044E000453B0000123C0000DD380000C5380000EC
:1044F00020B180B502F06AFE002080BD00F04AB80D
:1045000048B110B50446007810B1607802F063FE3F
:104510000020A07010BD00F03DB8384600F8261FFE
:10452000C2700A0C8270080A722287F8270097F876
:10453000240040F0010087F824000A2002F06EBE3B
:1045400011F8222F4B788D78C97845EA012142EA8B
:104550000322059D42EA01417047C2700A0C827035
:10456000080A87F82600082002F062BE41EA0241EC
:10457000722202F062BE042002F037BE97F82200D9
:1045800002F03DBE00213A4602F8121FD170917030
:10459000517070474FF0FF30704787F822000320BA
:1045A00087F82000F87770472DE9F8450E460A99FC
:1045B000054600209A46174600F030F848B3DDF86B
:1045C0002080044646610FB100F0E1FA0A20B8F1FC
:1045D000000F19BF4146032251460422722302F004
:1045E00022FE099920702A0746BF01386070607862
:1045F000C4F80C80C4F804A084F83010C5F380110E
:10460000617405F003012174C1B2204600F02CF85A
:1046100000E000242046BDE8F885000070B504469F
:1046200010480D4651B1002190290AD009EB000233
:104630000A44D2F8882032B14831F5E709EB000688
:1046400005E000260BE04844084400F148063046E7
:10465000482103F0BDFA86F8455086F844403046BC
:1046600070BD00BF780600002DE9F04591B004460A
:1046700040780E4688421CD2A568207866700138C2
:10468000B04231DDE0680121032308AACDE9002111
:104690002946002808BF04230A20722202F0CDFD1B
:1046A000BDF820106818A060695C0A291ED101308D
:1046B0001BE0E568002D74D000274FF001080DF1D4
:1046C000200ABE42D9D020780138B8420ADD0A203B
:1046D000294672220323CDE900A802F0AEFDBDF801
:1046E000200005440137ECE70020A0604F4804F1AA
:1046F0003402784404900020ADF80A0094F8450094
:104700008DF80C0007CA05AB07C303A8FFF786F9AD
:10471000277894F801A006462064207C394652464A
:1047200000F0FCF880468DF80B00E06888B1012F9E
:1047300015D16168082072220023002602F06EFD68
:10474000022848D36168182004F11802CDE900203E
:1047500021E094F8303030462946002255E00AF135
:10476000010063682421CDE9000708AF304A3846CC
:104770007A4402F08FFD08203946722200234FF060
:10478000000A02F04BFD04F1180C02282CD318206B
:10479000CDE900C008A908207222012302F052FDD1
:1047A0002DE0656800274FF001080DF1200ABE4298
:1047B0003FF463AF20780138B8420ADD0A20294669
:1047C00072220423CDE900A802F037FDBDF82000D5
:1047D00005440137EBE7616804F11800172203F084
:1047E000EDF984F82F600AE04FCFACE84F0084F871
:1047F0002FA03888ACF80000B8788CF8020094F844
:104800003030206C04F118012A46FFF7C9F9B8F1DD
:10481000000F04D0206C0DF10A01FFF763F900F0DE
:10482000E9F902F0BAFC11B0BDE8F085BB01000067
:10483000363700002DE9F04587B00D46824602A8C4
:1048400000F0D3F919480E99784400F0C5F968B121
:10485000044645610FB100F053F900F0CEF907D0DE
:10486000022807D0012808D1022004E0002418E023
:10487000032000E00120002500E000208DF8070063
:1048800002A8FFF7CBF841462064FFF79DFB25B94E
:10489000206C0DF10601FFF725F900F0ABF902F0ED
:1048A0007CFC204607B0BDE8F08500BF6500000035
:1048B00010B50C4600F0F0F878B3042C06D0012CAB
:1048C00008D054BB4178D9B1013909E0426922B31B
:1048D00004211FE002784178013A8A4205DD013166
:1048E000C9B2BDE81040FFF7BFBE017C41F0020134
:1048F000032901D0417C81B1426972B1012109E0F3
:10490000017C01F0FE01022901D0417C29B14269FC
:104910001AB10021BDE81040104710BD034602291E
:1049200008D301391046002A18BF0120914288BFE0
:10493000023000E00020032B0AD0022B04BF40F01D
:1049400001007047012B04BF40F002007047704720
:1049500003207047F8B50F46064602201946154653
:10496000FFF75CFE70B104460FB100F010F9287932
:104970002072687960722868C4E90060204600F0FF
:1049800005F800E000242046F8BD0000B0B586B070
:1049900004460020019004F1340219487844029042
:1049A00094F845008DF8040007CA03AB07C301A8BB
:1049B000FFF734F8251D20642946FFF7B1FA207A65
:1049C000022816D30121ADF80210697900290A46A0
:1049D00018BF012201388DF80320884203D9901CAA
:1049E0008DF8030000E021B1206C0DF10201FFF70A
:1049F00079F800F0FFF802F0D0FB06B0B0BD00BFC0
:104A0000210100002DE9F04587B00D46824602A83D
:104A100000F0EBF819480E99784400F0DDF868B121
:104A2000044645610FB100F06BF800F0E6F807D0DE
:104A3000022807D0012808D1022004E0002418E051
:104A4000032000E00120002500E000208DF8070091
:104A500002A8FEF7E3FF41462064FFF755FC25B9A5
:104A6000206C0DF10601FFF73DF800F0C3F802F0ED
:104A700094FB204607B0BDE8F08500BF95FEFFFF20
:104A800038B110B50446006CFFF73AFD00212164EF
:104A900010BD4FF0FF307047084A0021D82904BFED
:104AA0000020704709EB02030B441B6C834201D0CA
:104AB0004831F3E709EB020008447047780600002C
:104AC00010B50C46FFF7E8FFC8B1042C06D0012C46
:104AD0000AD0A4B9417A91B101390BE0417A026858
:104AE0000846BDE810401047027A417A013A8A42EE
:104AF00005DD01314172BDE81040FFF747BF10BD31
:104B000038787978BA78FB7842EA032240EA0120C3
:104B100040EA02406063384610F8082F797A42EA8A
:104B200001218278C37842EA032241EA0241E1632B
:104B3000394611F8043F7A7943EA02228B78CD781E
:104B400043EA052342EA0342A2633A787B78BD78C0
:104B5000FE7842EA032245EA0625037842EA054246
:104B60008578C07804927A7A45EA002043EA0222E6
:104B70008B7842EA00400A78C9780690787943EA4F
:104B8000012142EA002040EA014005907047387850
:104B90007978BA78FB7840EA012042EA0322394664
:104BA00040EA024011F8082F6063787A42EA002058
:104BB0008A78C97842EA012140EA0140E0637879C5
:104BC00017F8041F41EA0020B978FA7841EA022177
:104BD00040EA0140A06370478DF808100390002060
:104BE000ADF806000120FFF719BD142198461746BD
:104BF00002F0EEBF206CFFF77BBC01250AF003003A
:104C000003282570207470472DE9F04107461048AD
:104C100001F031FDC4E90F766564069D284602F077
:104C2000CBFCA064079802F0C7FC0999B8F1FF0F0C
:104C300061650899C4E9130118BF002D03D1BDE8CF
:104C4000F04100F043B84046BDE8F04100F002B842
:104C500050070000F0B58FB0044601A8382102F0DB
:104C6000B7FF194E09EB060090F82C000F281EBF65
:104C700009EB06000E2180F82C1009EB060001213B
:104C8000002780F8341001AD09EB0600806C017A32
:104C90008F420ED279B22A4600F006FD00F05EFD8A
:104CA00009EB0601013791F83420104481F83400F3
:104CB000EAE709EB0600002180F83540002000F00B
:104CC00057FF0FB0F0BD00BF5007000010B52148DE
:104CD00009EB000191F82C100D2909D00E2914D1EF
:104CE00009EB00010A6D0221002A08BF01210DE035
:104CF00009EB00020221146D936C002C08BF012106
:104D000082F8351033B1013100E0002109EB0002D7
:104D100082F8351009EB00020C21D2E9123482F836
:104D20002C100321002B08BF022182F8341024B17B
:104D3000013109EB000282F8341009EB0002126D18
:104D40001AB14844013180F834100020BDE8104009
:104D500000F0FEBF500700001FB514460A4601468A
:104D600008980390079802900698CDE90030022039
:104D7000234600F001F81FBD2DE9F0410746114818
:104D8000884640211D46144601F06FFC08983065A6
:104D90000798F0640699C6E91045B1640999C6F808
:104DA000308086F82C70F1630421002808BF0321AD
:104DB000207A084486F834000020BDE8F04100F075
:104DC000D1B800BF500700002DE9F04D88B017465C
:104DD0000A46DDE913A1DDE910540646BAF1000FD9
:104DE00013D0DAF800000791CDE90554082818D04F
:104DF000E0B9DAF8140028B9DAF8180010B9DAF8CE
:104E0000280010B19846154614E0CDE90035CDE9EB
:104E10000241022031463B46FFF7AEFF08B0BDE835
:104E2000F08D9846154646F0800603E098461546F4
:104E300046F04006DFF86CB02C2109EB0B0420464D
:104E400002F0C6FE02202A46A560069D3B46E760AA
:104E5000059F4146C4F81080DDF81C80666009F8A3
:104E60000B00DAF828006761C4E9065AC4F820800C
:104E700020B108B0BDE8F04D00F016B89AF8000077
:104E800010F0160F02D1DAF8140020B108B0BDE816
:104E9000F04D00F015B8CDE9001702203146CDE9FC
:104EA0000258B9E75007000004480121484480F83F
:104EB00028104FF44071C18401F036B8500700004B
:104EC00004480021484480F828104FF40071C18440
:104ED00001F02AB850070000B0B586B0064D0D9C11
:104EE0007D44CDE903540B9C01940A9C0094FFF788
:104EF0006BFF06B0B0BD00BFB84100002DE9F8451A
:104F0000DFF85C800C46074640219A46164609EBBE
:104F1000080505F12C0002F05BFE04206F6585F8A2
:104F20002C000898C5E9116AE8640999E96305212C
:104F3000002808BF042185F834105CB1204609EB35
:104F4000080502F039FB286495F83400217A0844FA
:104F500085F834000020BDE8F84500F003B800BF34
:104F600050070000F0B58BB05D4E044600200122D2
:104F70000227CDE90900CDE9070009EB0603986394
:104F8000D86C002808BFFF2208BF012793F935100D
:104F900093F834309D1EEDB2A94206DAB9420BDA1D
:104FA000002941D08A4244D044E010D108A90AAA7D
:104FB000012001F085F83DE009EB0600456D8DB15B
:104FC000B9420FD10995474878440A9033E0581EFA
:104FD000C0B281422ED108A90AAA0020002501F002
:104FE0006FF828E009EB060090F83020D20635D59E
:104FF00090F85D0090BBB94205DC09EB060090F823
:105000005E0008282AD100200690CDE9040009EBB3
:10501000060090F85C2004F00800012A01D0012964
:1050200043DB40F0030042E009EB0600D0E9111039
:1050300008910A90002500200A9A08992E4EC0B2C5
:105040000023029020467E44CDE900632B4600F009
:1050500075F80BB0BDE8F04002F09FB8002209EBF4
:105060000600CF1B0DF10C0C80F85D208DF80C2094
:10507000006C08AB07AA002D8DE80C1018BF013F8B
:105080000AAAF9B209AB00F0F7FC079840B109EBA6
:10509000060080F85F70174979448163012002E0BF
:1050A0009DF80C004000099DC6E740F001000E4944
:1050B0000022794403910D49794405910021009122
:1050C0000B4903AB7944FFF7B5FB09EB060402F08B
:1050D00064F8012084F8367084F85D000BB0F0BDF0
:1050E000500700004E310000342E0000622C0000FA
:1050F00081110000651200002B1300007FB50546EA
:105100000C484021144601F0B0FA0920B4632A4645
:10511000002386F82C00012086F834000020064980
:1051200002907944CDE900104020002100F006F8FB
:105130007FBD00BF500700009F0100002DE9F04D2A
:105140009AB0884604460CA838211D46164602F03F
:105150003FFD0027CDE90A775648784402F02CFA43
:10516000DFF84CB140F6B8310997CDE9070109EBFA
:105170000B0090F8340002280BD309EB0B0191F9D6
:10518000351029B101380327884208BF022700E003
:10519000012709EB0B0047EA040290F85C10144663
:1051A000012988BF44F00204816D002908BF14461C
:1051B00090F82C00062840F0080118BF1446092971
:1051C0000CBF0DF11C0A4FF0000A0A2805D109EBAB
:1051D0000B00006D08B1FFF753FC239FB6B1229975
:1051E000B8F1000F2CD12498022829D0012233468F
:1051F000012808BF02222046002D08BF2A46CDE91B
:10520000005202975246FFF7CFF943E009EB0B003B
:1052100090F8350003A90CAA00F0EAFB30B301783E
:1052200000240A2924D0092935D101F032FA224973
:1052300079440A91417980798DF82D00481C20E04D
:1052400000200396CDF81480049552468DF818007E
:1052500009EB0B00806B284318BF01208DF8190063
:10526000009703AB2046FFF7E5FA13E0002412E0B5
:1052700001F00FFA8DF82D401049007A7944013081
:105280000A918DF82C0051463B460D480AAA7844F5
:10529000FFF760FB044609EB0B0090F82C000A288E
:1052A00004BF09EB0B0004651AB0BDE8F08D00BF28
:1052B00050070000A3130000DD120000911200004F
:1052C000E312000041F00400042801D0012904D1B8
:1052D00002484844806B00B1004770475007000007
:1052E0000A4698B1012816D0022819D003281CD0EC
:1052F00004281FD0072822D0062825D0052818BF4B
:105300007047154800217844FFF7F8BE1348012183
:105310007844FFF7F3BE124800217844FFF7EEBE51
:10532000104801217844FFF7E9BE0F480021784476
:10533000FFF7E4BE074801217844FFF7DFBE0C48C1
:1053400000217844FFF7DABE084801217844FFF7CE
:10535000D5BE00BF792B0000CD2B00005D2C0000D6
:10536000292E0000BC2C0000B82D0000E12B00000D
:105370001B2D000070B58CB05A4D00210446CDE9BC
:105380000A11CDE9081109EB0500816390F82C00A2
:10539000062815D005283DD109EB0502012102237D
:1053A000D06C002808BFFF2108BF012392F93520E7
:1053B00093423BDDD3B2002B63D0914266D066E0CE
:1053C00009EB050090F93510006C027A91422DDA54
:1053D00009EB0502936DCBB392F85D20B2BB09EBEC
:1053E000050292F85C20012A07D8002905DC09EBA8
:1053F000050393F85E30082B28D100200790CDE9F3
:10540000050004F00800012A01D0012950DB40F01A
:1054100003004FE009EB050090F8350080B109A9C1
:105420000BAA0020002500F04BFE31E009EB05003F
:10543000C16B002953D001200CB0BDE87040084773
:1054400009A90BAA012000F03BFE20E0002309EB94
:105450000502C9B282F85D308DF80F3009AB08AD96
:105460000DF10F02CDE9005302920BAA0AAB00F036
:1054700003FB0898002812BF01259DF80F00450086
:1054800006E009EB0500D0E9111009910B90002509
:105490000B9ADDE90913174EE8B200250290204669
:1054A0007E4401F0F9F80CB0BDE8704001F075BE23
:1054B00040F001000C490022794404910B497944E1
:1054C0000691002100910A4904AB7944FFF7B2F933
:1054D00009EB050401F061FE012084F85D000CB0C9
:1054E00070BD00BF500700002E2A00005C2800009D
:1054F0007B0D00003D110000BFB504460B48402164
:1055000001F0A2F801202246002385F8340085F836
:105510002C000020CDE900000290002004497944CD
:10552000FFF70CFEBDE8BF4001F037BE500700009A
:10553000F32800001FB5079C029400240194069CE8
:10554000009400F001F81FBD2DE9F845DFF86C80EC
:105550000C46054640219A46174609EB080606F117
:105560002C0002F035FB0998032270650A99316519
:105570000899C6E9117AC6E90F54F164082186F842
:105580002C10002F4FF0030118BF0421002D08BF7D
:105590001146002C08BF022186F8341040B1027970
:1055A000032A05D1007A09EB0802084482F8340086
:1055B0000020BDE8F84500F003B800BF5007000028
:1055C0007FB5334B002409EB03010A6C6AB109EB88
:1055D0000301C96B31B109EB0301496C11B102211F
:1055E000012504E00121002501E00025002109EB4F
:1055F0000306B46396F8356074B2A14208DDEEB1DB
:10560000711EB1FA81F14909294001291CD030E00D
:1056100008D1204A09EB03017A448A638A6C1E4947
:1056200079440FE04A1CA24212D11C4A09EB030143
:105630007A448A63CA6C1A49794403E009EB03018E
:10564000C96B09B1002317E009EB03014B6C12E0B1
:1056500009EB0302526D62B11379032B09D1611A70
:105660006FF00703D2E9034203EB810153586258FC
:1056700001E00022002300210A4D002402947D4411
:10568000CDE90054FFF75AFDBDE87F4001F085BD2C
:1056900050070000E90F00002E280000E50F000071
:1056A0009A270000AB0F0000F0B587B00D46064604
:1056B00001A81821144602F08BFA002D28D4307A64
:1056C000854225DA307838B314B32046382102F009
:1056D0007FFA21484844426D42B3E8B201AD294601
:1056E0009047A8B19DF804000A28207023D0032811
:1056F00008D0042825D0072829D0082802D0092856
:1057000019D028B9281D211D90E86C006CC100E05B
:105710000024204607B0F0BD7168C5EBC50001EB61
:10572000C00007B0BDE8F04001F046BF7268E8B2C3
:1057300021469047EDE7281D211D90E82C002CC143
:10574000E7E7281D211D90E8EC00ECC1E1E7DDE969
:105750000201C4E90101DCE75007000002780121E1
:10576000A2B1032A12D00A2A07D0072A07D0082A92
:1057700007D0092A07D0042A07D1017B06E0017A65
:1057800004E0017C02E0417A00E000210846704715
:1057900070B58AB00D46044604A8182102F018FA24
:1057A000204800F057FF14DD04A9284600F046F811
:1057B0009DF8100018B39DF82430DDE905121E484D
:1057C0007844002B0090204618BF012300F0D8F841
:1057D00023E04844816D8163C16C134A00297A44F7
:1057E00018BF0A46059290F82C001049104A032869
:1057F0007A44794408BF0A460792002002E09DF8E7
:1058000025004000DDE9052307990A4EC0B20025B6
:10581000029020467E4400F03FFF01F0BEFC0AB03B
:1058200070BD00BF5007000033290000E0250000D4
:105830009C250000B90100000D020000F0B593B0F6
:10584000064600200C4638218DF84B0004AD284652
:1058500002F0BEF9474F0DF14B012A4609EB070054
:1058600000F013FF00287AD0054600780A2811D0EE
:1058700003282CD0042835D0072845D0082860D02C
:10588000092807D000286AD1686801F095FE606099
:10589000A86819E0281D09EB070601F08DFE0068D5
:1058A00001F08AFE96F82C100546F06B102900D105
:1058B00018B90F2955D1002853D001F07DFE606042
:1058C0009DF84B0055F8200001F076FE46E0A868F0
:1058D000294E7E44B047E0606868B0476060E86881
:1058E000B0473BE004F115009DF84B1004F10C02A9
:1058F00004F11003CDE900320290281D221D04F1AD
:10590000080300F0B9F82AE001204F4420706868CD
:1059100001F052FE19497944B9639DF84B1001EB2F
:10592000410150F8212000EB810062604168A160D4
:10593000007A411E18BF0121002E08BF01462175C3
:105940000DE0686801F038FE9DF84B6050F82600C5
:105950006060A86801F030FE50F82600A06013B027
:10596000F0BD9DF84B0055F8200001F025FE606069
:10597000F5E700BF50070000E31C0000A70100008E
:10598000F0B585B0114CDDF828C0002609EB040500
:1059900095F834700025022F0AD34C4494F9354011
:1059A0002CB1013F0326A74208BF022600E00126D2
:1059B000CDE902128DF810300095304302AB6146FC
:1059C0000022FFF71FF805B0F0BD00BF5007000030
:1059D000E0B508460DF1070100F028F930B19DF857
:1059E00007000021BDE88C40FFF7D2BE8CBD00004F
:1059F0002DE9FC4D1E4C0646002709EB040090F8EB
:105A00002C30102B30D893460122019102FA03F377
:105A100013F4504F04D009EB0400A246846C05E057
:105A2000144A134220D0A24600F14004002700206F
:105A30004FF000080546207A804515D24FFA88F1CC
:105A400020465A46FFF730FE0746FFF787FEE9B2C9
:105A500008F101080844B042ECD909EB0A000199A9
:105A600090F83500401B08703846BDE8FC8D00BF3B
:105A70005007000008000100B0B5154602681C463A
:105A800012B102EB011002E042680846904701F0B3
:105A900093FD026804992A6042682260027B5307E2
:105AA00003D4920704D4002000E080680860B0BDF1
:105AB000DDE9052101230B7080681060B0BD000096
:105AC000F0B58FB001AC3821204602F081F8264EA7
:105AD0000DF10301224609EB060000F0D6FD002877
:105AE00040D00446007807283CD1606809EB0607DF
:105AF00001F062FD054697F82C009DF80370102810
:105B000011D8012101FA00F010F4504F04D0002008
:105B1000012100F02DF806E01449084203D00020CE
:105B20000121FFF735FE606B88B107EB470105EBFC
:105B3000810401F041FD217A09EB06020346607AF7
:105B4000013918BF012192F9352098470AE009EB85
:105B50000600026D32B107EB4700002105EB800023
:105B6000407A90470FB0F0BD5007000008000100D8
:105B7000B0B58AB00D46044604A8182102F028F8F2
:105B80001C4800F067FD14DD04A92846FFF756FE07
:105B90009DF81000E8B19DF82430DDE905121A489F
:105BA0007844002B0090204618BF0123FFF7E8FE41
:105BB0001BE0484490F82C10426D0F4B7B440F299A
:105BC00008BF134683630D48784405900C48784419
:105BD0000790DDE9052307990A4D002002907D44D6
:105BE000CDE900502046FFF7A9FA01F0D6FA0AB035
:105BF000B0BD00BF500700000DF1FFFF49250000B8
:105C0000BE2100002B00000069000000E0B508463E
:105C10000DF1070100F00AF830B19DF807000021EE
:105C2000BDE88C40FFF7A4BF8CBD0000B0B590B0BC
:105C30000C46054601A8382101F0CAFF042D0DD0FD
:105C4000012D12D0002D7CD13F4809EB000191F9C4
:105C5000351001291DDB0139082013E03A4C09EB0E
:105C60000400806B38B380476BE0374809EB0001D4
:105C700091F9350091F834100139814261DDC0B2EB
:105C8000411C0020304A4A4482F83510207001201F
:105C900058E009EB000191F82C10062951D109EBCD
:105CA0000001896D00294CD0484490F85C0001281F
:105CB00047D00820EAE709EB040090F82C100020F8
:105CC00010293FD8012202FA01F1204A114239D0AD
:105CD00009EB04000DF13F0190F8350001AAFFF730
:105CE00087FE70B301780246002059B30A2909D013
:105CF00007290FD0092911D003294FF0000112D133
:105D0000107C05E009EB0400916890F93500085C0F
:105D1000002108E050680021407A04E009EB04000B
:105D200090F83510D07A536B33B109EB040191F937
:105D300035200021984704E009EB0402126D02B1FE
:105D40009047002010B0B0BD5007000008C001000F
:105D50002DE9FF4180463248002209EB00018F6C9B
:105D60000D6D8A630222002D3E4608BF0122002FDE
:105D700018BF012691F9353083B10124002D08BFE9
:105D8000FF249C4211D109EB0004D5E9000501F084
:105D900013FC0246206D8068A06304E009EB00015B
:105DA000D1E9105212B300232CE0002F144608BF93
:105DB000FF249C4209D11C49484400237944816353
:105DC0001A4D1B4A7D447A441CE0C96C3244484455
:105DD000002908BFFF229A420DD1164900237944B9
:105DE0008163154D154A7D447A440BE04844C26BEB
:105DF0000C4B7B4406E0416D00238163104D114A3A
:105E00007D447A441049002002907944CDE9001085
:105E100040462946FFF792F9BDE8FF4101F0BDB9C0
:105E200050070000E42300008D000000EB1F00007D
:105E3000BF22000073000000341F00007023000028
:105E40003D1F0000E12300006B0000000020FEF772
:105E500001BF000007480D21484480F82C100021A4
:105E600080F83510C16C097B013180F834100020B6
:105E700000F010B850070000E0B508460DF107012A
:105E8000FFF7D4FE28B19DF80700BDE88C40FFF76E
:105E90005FBF8CBDFEB50446164800F0DBFB11DD8C
:105EA00009EB0007F86C0068134E7E44B04700F021
:105EB0000AFC0546F86C4068B04700F004FC034655
:105EC000002108E00D4948440023794481630C49CE
:105ED0000C4D79447D440C4E022000220290204655
:105EE0007E44CDE900622A46FFF728F9BDE8FE406E
:105EF00001F053B9500700000B170000FFEDFFFF42
:105F0000BA1E00003D22000029000000E0B508464E
:105F10000DF10701FFF78AFE28B19DF80700BDE8E3
:105F20008C40FFF7B7BF8CBD10B588B00020CDE91D
:105F30000600CDE90400394809EB000292F826106A
:105F4000D269936A83B179B900205B680022CDE9F8
:105F500000000290012036497944FEF725FB08B085
:105F6000BDE8104001F019B91368DC0611D4002B0C
:105F700051D1D369002B4ED009EB000494F828408E
:105F8000A14228D158681A699B690690CDE904237B
:105F90000EE009EB000292F8282091420DD1204832
:105FA000784405901F48784404901F487844069030
:105FB0000320002908BF012020E0484490F8270072
:105FC0000138884219D104AA002002F1080100F02A
:105FD00077F80A2012E0484490F8270001388842F8
:105FE0000BD150690179012915D1C1688269006A14
:105FF000CDE904200320069100E0002001210022C9
:106000008DF81D1000210091084904AB7944FEF77A
:1060100011FC01F0C2F808B010BD00BF500700002D
:10602000E01F00000D210000C51E0000250000003B
:10603000D9000000042909D0012924D011BB1F4830
:10604000484490F8260090B3013827E01B4809EB3C
:106050000001C9690978C90614D509EB000292F854
:10606000261092F82820914208BF00F0BDB809EB35
:10607000000292F82720013A8A4203D14844016A7B
:106080000020084770470D4809EB000292F82610DF
:1060900092F82720013A8A4205DD481C0749494405
:1060A00081F8260003E04844C069016809B1FFF7A0
:1060B0003BBFC0690028FAD000F096B85007000036
:1060C00070B1334878440860304809EB000191F81A
:1060D0002C10042913D12F482F49784479444FE0DC
:1060E000384878440860294809EB000191F82C10E1
:1060F00004290BD1344835497844794440E009EB10
:106100000001096D71B12548784439E04844006BBD
:1061100010F0070017D001281AD12F482F497844D2
:1061200079442DE04844006B00F00701012914D0A8
:10613000E9B940061A481B497844794458BF0146DA
:10614000194878441CE0224822497844794417E0F1
:10615000234824497844794412E0400613481449FE
:106160007844794458BF01461248784408E0400614
:10617000114812497844794458BF01461048784480
:106180001160024949448863704700BF500700000E
:106190008A1D0000430100001021000015010000CD
:1061A000B71E0000581F0000DB000000731E000037
:1061B000B11E0000B3000000ED1F0000511F0000E1
:1061C0009F000000F01C0000390100005C1F00006F
:1061D000E7000000B41E0000130100005020000082
:1061E000DD000000292000007FB50C4819F80010E0
:1061F00005290DD0022918BF7FBD4844061D006A3D
:106200007ECE8DE8700003900220FEF7B5FD7FBDC5
:10621000002004B0BDE87040FFF7ACB850070000A4
:1062200003484844C16B09B101200847704700BFCB
:106230005007000003484844C16B09B100200847DB
:10624000704700BF50070000B0B504290AD00129EB
:1062500017D0B9BB294809EB000191F85E1091B342
:1062600008202AE0254809EB0001484491F836103F
:1062700000293FD090F83410023980F83510002002
:1062800030E01E4A09EB020090F85E00082813D1A6
:1062900009EB020090F9364090F9353090F834005F
:1062A000451E0020E1B29D42C8BFA34219DD09EBA3
:1062B0000200591C80F8351000201049494491F81B
:1062C00036100EE0B0BD09EB000191F9352091F9CF
:1062D0003630D9B29A4203DD4844013A80F835207D
:1062E000082019B1BDE8B040FEF73CBEBDE8B040A3
:1062F000FFF740B8806DBDE8B04000475007000090
:1063000070B588B01A4C0DF1130209EB0405286C26
:1063100095F85F1005AB05F164060292CDE90063C4
:1063200007AA06ABFFF7A8FB686E78B109EB04017A
:1063300000228A6681F86020017D012908D00529A4
:1063400008D0042902D100690C3005E008B070BD06
:10635000022003E0006908300078013009EB0401F5
:1063600081F86100002008B0BDE8704000F014B86A
:1063700050070000E0B508460DF10701FFF756FC95
:1063800030B1044800F093F9BDE88C40FEF7EABD57
:106390008CBD00BF500700002DE9F04188B0364E9B
:1063A00080460020CDE90600CDE9040009EB060097
:1063B000806E08B1FEF764FB09EB060100F070F98E
:1063C00010DD032709EB0601002808BF0127496EED
:1063D0000A7D052A1AD0042A28D0012A47D1086844
:1063E0008D6833E043D1012000228DF81D0024493F
:1063F000794404912349009048F0020079440691C1
:10640000214904AB7944FEF715FA2DE00C6900012F
:106410002168085801F0D0F8054609EB060021680C
:1064200090F8600001EB001040680DE00C692168F5
:1064300051F8200001F0C0F8054609EB060061683C
:1064400090F8600051F8200001F0B6F87DB101210C
:1064500047EA08022B46CDE90001029110460022CE
:1064600006497944FEF7A0F809EB0601886600F0BA
:1064700094FE08B0BDE8F08150070000270000003E
:10648000211D0000901900008500000080B504293E
:106490000AD001291DD0D9B91848484490F86000A5
:1064A00030B3411E08201CE0144809EB000191F8AC
:1064B000602091F861100139914209D14844806E01
:1064C000FEF7DEFA00F082FEBDE8804000F065BE17
:1064D00080BD0A4809EB000100F0E2F806DD411C2E
:1064E0000020064A4A4482F8601002E0002000E0E2
:1064F0000820BDE88040FFF74FBF00BF50070000F5
:1065000002484844806B00B10047704750070000C4
:10651000B0B590B001AD00F0D1F814480DF13F01D5
:106520002A46484400F0B1F850B101780A2909D050
:10653000092905D100F0ADF8054655F8050B06E030
:10654000002010E000F0A5F8054655F8080B01F012
:1065500033F82978A14204D950F8240001F02CF82E
:1065600001E00348784410B0B0BD00BF5007000000
:10657000AD1B000070B590B001AD00F09FF8174E54
:106580000DF13F012A4609EB060000F07EF818B332
:1065900001780A2908D009290FD100F07AF8417949
:1065A000A1420AD9073006E000F073F8017AA1424F
:1065B00003D940682044007800E0FF20FF2806D07F
:1065C00009EB06010A6D12B10021904704E009EBC6
:1065D0000600806D00B1804710B070BD500700000C
:1065E000E0B508460DF10701FFF720FB30B1044884
:1065F00000F05DF8BDE88C40FEF7BCBE8CBD00BF6E
:106600005007000003484844016D09B101200847C4
:10661000704700BF5007000003484844016D09B1AE
:1066200000200847704700BF50070000E0B508464B
:106630000DF10701FFF7FAFA28B19DF80700BDE850
:106640008C40FEF7BDBF8CBD09EB000505F12C00A9
:1066500001F0BEBA002209EB00018A6391F93520EE
:1066600091F8341001399142704709EB000606F1A8
:106670002C0001F0ADBA0E4640219846154609EBB4
:10668000000404F12C0001F0A3BA90F83500FFF7E4
:10669000AFB9043000F090BFCDE90065FEF74EBD04
:1066A00091F8600091F8611001398142704709EB5F
:1066B00000019DF8070081F85E007047044638210C
:1066C000284601F085BA97F9351050F82100304777
:1066D0002DE9FC4D0BB10A2B02D90020BDE8FC8D41
:1066E00092460E4683465F4200254FF00008019314
:1066F000AF420CD008F10404B44208D858464146D1
:1067000000F06FFB4AF80800013DA046F0E7019A4F
:1067100069420020914228BF0120BDE8FC8D8268BB
:10672000891805D2426891429EBF8160012070475E
:106730000020704710B5D0E901239A420AD00468BE
:10674000E45C0C708168013106D24468A14298BFB4
:10675000816001E000200870D01A18BF012010BD30
:1067600070B500F07DF8072E04D9206832B100F032
:106770006FFB05E00020C5E900000CE000F03DFBE8
:10678000C5E90001A06810F1090F04D8616808305C
:10679000884298BFA0600020072E88BF012070BDEE
:1067A000B0B504460D460068D4E901121044891AB8
:1067B0002A4600F0B7FBB0F1FF3F0ADDA1684018A0
:1067C00005D2616888429EBFA0600120B0BD002054
:1067D000B0BD0020C5E90000B0BDB0B50446154607
:1067E0000A460068D4E901131844C91A2B46FFF77A
:1067F0006FFF40B1A26802EB8501914203D362684A
:10680000914298BFA160B0BDB0B51446D0E9013245
:106810009D1AA54206D800680244084611462A4639
:1068200001F0CEF90020A54298BF0120B0BDB0B55F
:1068300015460446D0E90120121AAA4284BF00205E
:10684000B0BD236803440846194601F0B9F9A068B1
:10685000401903D26168884298BFA0600120B0BD92
:1068600004460D464068A168461A70472DE9F04578
:1068700095B00D46074604A99A461446284600F0EE
:10688000FBFFDDF870800646E0B90498202817D198
:106890001F98DDE91D2105ABCDE90032CDE90210DD
:1068A000384629462246534600F018F8064648B9AD
:1068B000049A05A92846434600F046FC064601E036
:1068C0006FF05C0605A8402101F090F916B1404632
:1068D00000F09FF8304615B0BDE8F0852DE9F04D89
:1068E00090B00DF1100807469B4616460C464046F0
:1068F00001F0B2F985B2DDF860A0ADF83C0055B109
:106900000020ADF83C000E9801F05AF840215046A6
:1069100001F06CF912E004A801F052F819990E90F8
:10692000684632465B46C0F800A041601A99816013
:106930001B99C1603846214600F0A8FF01F038F8E5
:10694000404502D10E9801F03BF8BDF83C0018B963
:10695000284610B0BDE8F08D00F089FCF0B5A1B07C
:106960000E462A990391299902912799019117A915
:1069700000913146FFF77AFF269C0546B8B9289862
:106980000123009004AF17AA3046394600F0D7FB28
:10699000054660B90598412807D107F1080120464E
:1069A000412201F00BF9002501E06FF05C0517A80A
:1069B00000F02FF81DB12046412101F017F92846BB
:1069C00021B0F0BDF0B58FB0199F1C9D3C680395B8
:1069D0001B9D02950025019505AD0095FFF746FF2B
:1069E000189D064650B914AE1A984ECECDE90065F2
:1069F000CDE9027005A800F09DFB064605A800F051
:106A000008F81EB12846214601F0F0F830460FB0D4
:106A1000F0BD282101F0EAB82DE9F041F9B11546A1
:106A20000446A1F1010800270026B5F10A0073F120
:106A3000000016D3194628460A22002301F0CCF89C
:106A40000B4600EB8001BA1CA5EB4101054641F065
:106A50003001E155791C42450F46E6D912E0002687
:106A600010E005F13000E119E05500204870C1B296
:106A70008F4206D9625CE35D01306354E255013F09
:106A8000F5E701263046BDE8F0812DE9F04186B0FA
:106A90006C468846054615211E461746204601F0DD
:106AA00097F8204615213A463346FFF7B5FF40B325
:106AB0006F460C9E384601F0E7F8B04210D9311805
:106AC000013141451DD2841B28463946224601F03A
:106AD00075F828192E21324600F8011B391915E0E6
:106AE000321A911C41450CD22E20302300246870AC
:106AF000A81C2B70A5B2AA4205D900F8013B0134AD
:106B0000F8E7002005E0A8EB0102694601F0D6F89D
:106B1000012006B0BDE8F081F0B50446480000F160
:106B2000010C9C4502D94FF0FF3C18E00D480025B0
:106B3000784491B1EF1C9F420DD8277801393F0965
:106B4000C75D57555719023514F8016B06F00F064B
:106B5000865D7E70EDE705F1010C00205055604622
:106B6000F0BD00BFC71500007047000080B50A489F
:106B700019F800100E2905D0052908D1484400F065
:106B800005FA06E0FFF7F0FF00F044FA01E000F03C
:106B900059FA012080BD00BFBC0700000248012156
:106BA00009F80010704700BFCC08000010B5094C70
:106BB00019F80400012804D100F0D8FE002009F8DB
:106BC00004000020002803DC0120FCF72FFEF9E779
:106BD00010BD00BFCC0800002DE9F845DFF890A0FB
:106BE00090460F46064640F20F140025B6B1AFB1ED
:106BF00000259FB109EB0A00621B41193046FFF7DF
:106C000003FE30B1D6E901010C36013F2844451A94
:106C1000EFE746F6842800260027E6E71FFA88F605
:106C200009EB0A002946324600F0AAF91148A91CCE
:106C300019F8000018B1104819F8000028B900F040
:106C40001FF840EAE070BDE8F88500F019F8002868
:106C50000AD40A48A6F51041B1FA81F159F80000AA
:106C60004909017000F052FEFF2000F06BFE00BFEA
:106C700014040000DC080000DD080000E00800004B
:106C800009EB0A0089B2FCF7BDBDFF2000F05AFEF7
:106C900080B500F087FABDE88040FCF7A3BE000095
:106CA000B0B58CB0164800256C4609F80050154860
:106CB00049F80050144809F80050204600F0CCFF75
:106CC000ADF82C00000408D1684600F079FE0A9067
:106CD000FFF7DEFFF9F748FB04E00A98ADF82C5007
:106CE00000F06EFE00F064FEA04202D10A9800F0AF
:106CF00067FEBDF82C0008B9FFF7C7FF00F0B7FA30
:106D0000DC080000E0080000DD080000B0B58CB031
:106D10006C460546204600F09FFFADF82C000004AD
:106D200024D1684600F04CFE0A906868042824D0FC
:106D3000032826D0022827D1E868FAF73BFD18B3CC
:106D40001648012209F800201548002209F8002001
:106D5000144AE868203049F80200FFF799FF12480A
:106D60007844FEF7C9FBF9F7FFFA0DE00020ADF813
:106D70002C000A9800F024FE06E0E868FAF7EEFC22
:106D800002E0E868FAF78FFC00F012FEA04202D1A0
:106D90000A9800F015FE00F0B9FD00BFDC08000005
:106DA000DD080000E0080000C5110000042A16D329
:106DB00002D10023037104E00B79053A9A42037172
:106DC0000DD10A78002B02704A7842708A7882705E
:106DD00018BF4B1DC9788360C17001207047002027
:106DE0007047425C084441788378C078090441EADE
:106DF000026141EA032108447047F0B54218405C43
:106E00001779537954789578D6783F06210447EA64
:106E100003439779D27941EA006040EA052043EACA
:106E2000072381191A441046F0BD425C084440789B
:106E300042EA002080B27047425C0844417883787F
:106E4000C07842EA012141EA034141EA006070470B
:106E5000B0B5425C014448788B780D79CC7842EA31
:106E600000204A7940EA03408B79C97945EA022239
:106E700040EA046042EA034242EA0161B0BD82B0E6
:106E800000230093002300F001F800009CB00446AA
:106E9000154819F8000020B314481D4601236E461A
:106EA0001C9F09F800308DF86E1006F1080064216F
:106EB0008DF86F2000F08CFE0220294601900DF124
:106EC0006E00082F009028BF082707EB47008200BC
:106ED00006F10C0000F072FE791C30462246FFF7E6
:106EE0007BFE002000F02EFDDC080000DD08000025
:106EF000082912D870B500250B4600244BB110F8B4
:106F0000016B2402013B44EA156446EA0526354636
:106F1000F4E7C2E90054BDE870400020092938BFF9
:106F20000120704710B5D9B1144602460078FF28F9
:106F30000CD0FE2812D0FD2815D1032910D31046FD
:106F40000121FFF772FF0021032215E0092907D371
:106F500010460121FFF77CFF09220DE0052905D22B
:106F60004FF0FF320AE00021012205E01046012126
:106F7000FFF762FF00210522C4E90001104610BDA1
:106F8000130A43540844427070470000B0B50446E9
:106F9000012000F015F8054600F009F965B1074831
:106FA000642159F800004143E078400800F04FF9AF
:106FB000BDE8B04000F0F1B8B0BD00BFE40800008B
:106FC000B0B504461248012109F8001009EB00058C
:106FD00000206860284600F08FFC042000F0FAFCD6
:106FE0006928686008D1012000F0E1F800F0EEF8AF
:106FF00000F0D3F80020B0BD44B1B0F1970118BF44
:107000000121002818BF01200840B0BD0120B0BDFB
:10701000D008000010B50A4859F80010013149F8AD
:1070200000100120FFF7CCFF044600F0C0F834B197
:10703000642000F0D5F8BDE8104000F0AEB810BDF7
:10704000E40800000020FFF7BBBF2DE9F8458A46A1
:1070500011461E46054600F081F8074698B9DDE95D
:107060000848043654B156F8041C56F8082B284634
:1070700000F07EF8013C0028F4D003E028464146A9
:1070800000F067F807462846514600F0AFFD384645
:10709000BDE8F88580B59EB000F048F803A86C21E3
:1070A0000322FFF7D2FF1EB080BD2DE9F8458A46C6
:1070B00011461A46054600F056F80746A8B90DF1E4
:1070C000200898E84101041D56B154F8041C54F8F6
:1070D000082B284600F04CF8013E0028F4D003E0CD
:1070E0002846414600F035F807462846514600F04C
:1070F0007DFD3846BDE8F88580B5EEB08DE8070027
:1071000004A84FF4D47106222023FFF7CEFF6EB0FF
:1071100080BD80B5C4B08DE8070004A84FF480712D
:1071200009224023FFF7C1FF44B080BDCDE9001222
:107130000346704703B44FF02C0000F027B803B4A7
:107140004FF0310000F022B803B44FF0330000F0EC
:107150001DB803B44FF03F0000F018B803B44FF06F
:10716000420000F013B803B44FF0430000F00EB833
:1071700003B44FF0480000F009B803B44FF06A00C0
:1071800000F004B803B44FF09000FFE7004908474F
:1071900001808000FF2000F0D5FB03B44FF0910088
:1071A00000F05EB803B44FF0960000F059B803B495
:1071B0004FF0980000F054B803B44FF09B0000F07B
:1071C0004FB803B44FF09C0000F04AB803B44FF03E
:1071D0009D0000F045B803B44FF09E0000F040B8A9
:1071E00003B44FF0A70000F03BB803B44FF0A80081
:1071F00000F036B803B44FF0AA0000F031B803B481
:107200004FF0AC0000F02CB803B44FF0AE0000F02B
:1072100027B803B44FF0B30000F022B803B44FF026
:10722000B40000F01DB803B44FF0B50000F018B87A
:1072300003B44FF0B60000F013B803B44FF0B7003A
:1072400000F00EB803B44FF0B80000F009B803B472
:107250004FF0BE0000F004B803B44FF0C400FFE7E5
:107260000049084701808000002000F0A9BB0446C7
:1072700000F09EFB214600F0F5FC000003480449A5
:1072800048444944091A00F0B1BC00BF00000000A6
:10729000E808000081B02DE9F04D87B000280F9379
:1072A00000F07A810D46002900F0768129461646C5
:1072B000044600F08DFCB5F1010800F06D810FA8C7
:1072C00002903078002800F06781002728B1252837
:1072D00003D0F01901374078F8E7474528BF474603
:1072E000204631463A4600F06BFCB8EB070800F048
:1072F0005381F15DF0193C4406462529E1D1411C3A
:107300004FF0000B4FF0200E00250026013111F840
:10731000013C3246013100262D2BF8D0A3F1300676
:107320000A2E13D3252B46D02A2B1FD02E2B29D142
:1073300011F8012C2A2A3CD10A78482A03D0732A52
:1073400001D0682A35D1029A012617E083F0300671
:1073500056EA0B0608BF4FF0300E0BEB8B060139D7
:1073600003EB46031646A3F1300BCFE70B4613F8A9
:10737000012D732A1DD1029A02261946131D02936C
:107380001568C3E7482B18D0582B19D0632B20D091
:10739000642B2AD0682B36D0702B06D0732B37D0B5
:1073A000752B00F08180782B03D100944FF0000CF6
:1073B00009E04E1E85E725200FE07B48784424E055
:1073C0004FF0010C0094029A0024131D0293102325
:1073D00072E00298021D029200684E1E04F8010B32
:1073E000B8F101087FF46DAFD6E0029A0094131D46
:1073F00002931368002B1A4600D55A42DC0F4FF057
:10740000000C0A2359E0694878444FF0010C03E06E
:1074100064484FF0000C7844029BD2B21E1D0296C5
:107420004E1E1968022A00F0A780012A07D03D46A7
:107430002AB900228B5C0132002BFBD1551EBCF116
:10744000000F16D0002D3FF43CAFB8F1020FC0F092
:10745000A3800A78130902F00F02C35CB8F1020896
:107460002370825C627000F097800131013D02342C
:10747000E8E7454528BF454620462A4600F0A0FBE0
:10748000B8EB050800F088802F462C44BB457FF6FA
:1074900018AFABEB07052046454528BF45462946B2
:1074A000202200F08FFB61E0029A009400244FF04C
:1074B000000C131D02930A2312683D484E1E4FF024
:1074C000010A78440190A3FB0A57002F18BF012737
:1074D000954204D81FB9ABF1010BAA46F3E7002C83
:1074E00027464FF0000518BF4FF0FF370DD060461C
:1074F0005FFA8EFC03A9BCF1300F844606D12D2023
:10750000002401258DF80C0000E003A907EB0B0017
:1075100002380D2808D8C7F10107BB4504D001F88F
:1075200005E001370135F8E7019F14B12D204855DA
:1075300001352048BCF1000F784408BF3846BAF145
:10754000000F0BD0B2FBFAF7BAFBF3FAB7FBF3F478
:1075500004FB1374045D4C550135F0E7454528BF25
:107560004546009C2A46204600F02AFBB8EB050859
:107570002C447FF4A6AE0FE0087800287FF4A1AE7B
:10758000454528BF454620462946202200F01AFBE3
:10759000B8EB05087FF479AF002007B0BDE8F04DE7
:1075A00001B07047AE1C0000181D0000BC1C00009C
:1075B000021C00009C1B00000A4A82420A4906D8AD
:1075C000814204D380B500F015F8BDE8804007493A
:1075D0008842074A04D3904202D8401A49460844D8
:1075E000704700000000DEC03F94DEC000007ADA81
:1075F00000A07ADA7A460249C91C891A401A7047F3
:10760000F575DEC001DF002900D170470846FFF79D
:107610002EFE000001DF7047F8B501AB07C302483A
:1076200001A9FFF7EFFF8FBD03000003E0B5CDE92F
:10763000000102486946FFF7EDFF8CBD1201000210
:10764000E0B5002069460190B620FFF7E3FF8CBD4E
:10765000E0B5CDE9000102486946FFF7DBFF8CBDCC
:1076600013010002F8B58DE80F0003486946FFF7E3
:10767000D1FF04B080BD00BF14010004E0B500F0EC
:10768000B5F902486946FFF7C5FF8CBDBC00000193
:10769000E0B5CDE9000102486946FFF7BBFF8CBDAC
:1076A0000D010002F8B501AB07C3034801A9FFF7BC
:1076B000B1FF04B080BD00BF15010003E0B5CDE906
:1076C000000102486946FFF7A5FF8CBDC00000021B
:1076D000E0B5CDE9000102486946FFF79BFF8CBD8C
:1076E000C1000002F8B501AB07C3034801A9FFF7C9
:1076F00091FF04B080BD00BFC3000003F8B501AB2B
:1077000007C3034801A9FFF785FF04B080BD00BF90
:10771000C4000003F8B501AB07C3034801A9FFF794
:1077200079FF04B080BD00BFC5000003F8B501AB10
:1077300007C3034801A9FFF76DFF04B080BD00BF78
:10774000CB000003F8B58DE80F0003486946FFF74A
:1077500061FF04B080BD00BFD3000004F8B58DE820
:107760000F0003486946FFF755FF04B080BD00BF16
:10777000D4000004F8B58DE80F0003486946FFF710
:1077800049FF04B080BD00BFD5000004F8B501ABCF
:1077900007C3034801A9FFF73DFF04B080BD00BF48
:1077A000D6000003F8B501AB07C3034801A9FFF7F2
:1077B00031FF04B080BD00BFDA000003E0B5CDE9C1
:1077C000000102486946FFF725FF8CBDEF0000026B
:1077D000E0B5CDE9000102486946FFF71BFF8CBD0B
:1077E000DC000002E0B5CDE9000102486946FFF780
:1077F00011FF8CBDDD000002F8B501AB07C30348E3
:1078000001A9FFF707FF04B080BD00BFDF00000340
:10781000F8B501AB07C3034801A9FFF7FBFE04B0AD
:1078200080BD00BFE0000003F8B58DE80F000348FD
:107830006946FFF7EFFE04B080BD00BFE100000421
:1078400010B586B00DF1040C089CACE81F0003488D
:1078500001A9FFF7DFFE06B010BD00BFE200000582
:10786000F8B501AB07C3034801A9FFF7D3FE04B085
:1078700080BD00BFE4000003E0B5CDE9000102488F
:107880006946FFF7C7FE8CBD2F01000210B588B016
:107890000D9C07940C9C06940B9C05940A9C8DE807
:1078A0001F0003486946FFF7ADFE08B010BD00BFDA
:1078B000A600000810B586B0099C0594089C8DE8C8
:1078C0001F0003486946FFF79DFE06B010BD00BFCC
:1078D000AA000006E0B50020694601909E20FFF74F
:1078E00091FEC0B28CBDE0B5002069460190A02099
:1078F000FFF788FEC0B28CBDE0B500F077F8024813
:107900006946FFF77FFE8CBD6400000182B0002055
:10791000694601906820FFF775FEFFDEE0B50020A4
:10792000694601906A20FFF76DFE8CBDF8B501AB8A
:1079300007C3034801A9FFF765FE04B080BD00BF7F
:107940007400000382B000F051F802486946FFF766
:1079500059FEFFDE9A000001E0B50190024801A93E
:10796000FFF750FE8CBD00BF84000001E0B5002091
:10797000694601900148FFF745FE8CBD8500000176
:10798000F8B58DE80F0003486946FFF73BFE04B0E9
:1079900080BD00BF88000004F8B58DE80F000348E3
:1079A0006946FFF72FFE04B080BD00BF89000003C9
:1079B000E0B50020694601908720FFF723FE8CBDCB
:1079C000E0B500F013F802486946FFF71BFE8CBDD6
:1079D0000B010001E0B500F009F803486946FFF724
:1079E00011FEC0B28CBD00BF9C0000010021CDE99A
:1079F000000170472DE9F04DDDF820C0044679B153
:107A0000BAB15BB3B1FA81F5B3FA83F6751B202DD9
:107A10004AD3BCF1000F18BFCCE90041002466E056
:107A2000CBB30021BCF1000F18BFCCE9004100240A
:107A3000A6E0002B3ED000284FD05D1E2B4258D12F
:107A4000BCF1000F1CBF05EA0100CCE9004093FA2D
:107A5000A3F0B0FA80F021FA00F448E0551E2A4263
:107A600029D1BCF1000F1EBF00230540CCE9005313
:107A7000012A00F0858092FAA2F24C00B2FA82F25A
:107A800002F01F03D140D8401F23934304FA03F3AD
:107A900043EA000474E0B0FBF2F4BCF1000F26D01E
:107AA00004FB1200002120E005F1010EBEF1200FC1
:107AB0000BD028E064E0B1FA81F4B2FA82F52C1B15
:107AC00004F1210EBEF1200F5DD14FF0200E4FF0DA
:107AD000000A4FF0000B0E4621E0B1FBF3F4BCF1BD
:107AE000000F04D0002004FB1311CCE90001002199
:107AF00046E0B1FA81F5B3FA83F6751B1F2DBFF48A
:107B000088AF05F1010E20FA0EF4C5F11F0501FA48
:107B100005F621FA0EFBA8404FF0000A26434FF06D
:107B20000008BEF1000F1CD04FEA4B01AEF1010E70
:107B300041EAD671760046EAD075AE1A61EB030BC6
:107B4000CF43EC43A41857EB03045CBF8B462E468F
:107B50004000E10F48EA4A0440EADA70A24688464B
:107B6000DFE74FEADA71BCF1000F18BFCCE9006B18
:107B700041EA40014FEA4A0020F0010040EA0804CF
:107B80002046BDE8F08DBEF11F0F04D820FA0EF498
:107B9000CEF12005BBE7CEF14007AEF120044FF057
:107BA000000B20FA04F501FA07F600FA07FA46EA94
:107BB000050821FA04F64046B1E7000000F01CB8C1
:107BC00000F028B80B4611461A4600F03DB800BF39
:107BD0000A46002100F038B840B584B002AE0096E5
:107BE000FFF708FF029A039B04B040BD00F000B805
:107BF0000A46002100F028B80A44914200F1FF3300
:107C000000D1704710B511F8014B914203F8014FB4
:107C1000F9D110BD884210B501EB020402D98442AB
:107C2000234607D8431EA14208D011F8012B03F8C0
:107C3000012FF8E7014602448A4200D110BD13F833
:107C4000014D02F8014DF7E703460244934200D18B
:107C5000704703F8011BF9E7EC46A0E8F05F4FF02E
:107C600000007047B0E8F05FE546080008BF01205B
:107C7000704700BF10F8012B11F8013B012A28BF03
:107C80009A42F7D0D01A7047034613F8012B002A06
:107C9000FBD1181A0138704710B56AB10139841840
:107CA00010F8012B11F8013F9A4203D1A04201D0F4
:107CB000002AF5D1D01A10BD1046FCE7034610B5D6
:107CC000013932B111F8014F013A03F8014B002C90
:107CD000F7D100211A44934200D110BD03F8011BD3
:107CE000F9E71FE1FFE40FB7BFB17EAD5A706F5FD8
:107CF000BF7F7BFC0FDFFE7FF87F800E000E000051
:107D000000E27CDEC007807F83FF1FFE7FFBFFFC5D
:107D100081F207FBFDFFE7FF8FFC1FE01E000E0056
:107D20000E000000057DDEC003001E00FC00C00345
:107D300001CCE73398C6631980660198067FF9FF86
:107D4000E00E000E000000287DDEC03C42818181F3
:107D50008199BDBD99423C0C00080000004B7DDEBE
:107D6000C03C7EE7C3C3E7FFFFFFFF7E3C0C00087B
:107D7000000000617DDEC0000000003000C0030094
:107D80000C03330EDC1FE03F007800C00000000051
:107D90000E000E000000777DDEC000000000300203
:107DA000D01FE03F03CF0F3C0FC07F80B400C00066
:107DB0000000000E000E0000009A7DDEC000018071
:107DC00067038E1C1CE03F007801E00FC0738387BF
:107DD0001C0E601800000E000E000000BD7DDEC00D
:107DE00084212480070004000000E07DDEC082883A
:107DF000A080040007000000EE7DDEC000000C0142
:107E0000320EDC18600007039C0E00006183B7048B
:107E1000C8030000000E000E000000FC7DDEC01054
:107E20005114100400070000001F7EDEC0124842FB
:107E3000100700040000002D7EDEC00E000E0002C0
:107E40000F000032C3C3C3C3C3C3C3B3A3A3A3B24E
:107E5000F0500E000E0000013B7EDEC0000000600E
:107E600007807E07F87FE7049C121FF81FE01F8041
:107E70001E001800000E000E0000005C7EDEC00038
:107E8000000003F008404E8152A58F90A0408084EE
:107E900003F00000000000000E000E0000007F7ED6
:107EA000DEC044756D6D792032002573202825646D
:107EB0002F256429004F7065726174696F6E20739D
:107EC00069676E656400426C696E642D7369676EE4
:107ED00000302E302E31004F7065726174696F6E04
:107EE0002072656A656374656400507265737320FF
:107EF000726967687420627574746F6E20746F2085
:107F0000636F6E74696E7565206D65737361676507
:107F1000206F722008707265737320626F7468201E
:107F2000746F20736B697008005369676E696E67C0
:107F30000041646472657373207665726966696571
:107F4000640041726520796F7520737572652074C5
:107F50006F0A616C6C6F772064756D6D7920320AE1
:107F6000696E207472616E73616374696F6E733FC2
:107F7000005472616E73616374696F6E2073696718
:107F80006E656400546F206163636570742072696C
:107F9000736B2C20707265737320626F746820623B
:107FA0007574746F6E7300446576656C6F7065727E
:107FB00000456E61626C656400416C6C6F77206493
:107FC000756D6D7920310A696E207472616E73610E
:107FD0006374696F6E73005369676E206D657373A8
:107FE000616765004D657373616765207369676ECE
:107FF0006564005369676E207472616E73616374A7
:10800000696F6E0052656A656374207472616E7385
:10801000616374696F6E0041636365707420726997
:10802000736B20616E64207369676E206D65737376
:1080300061676500416C6C6F772064756D6D7920A8
:10804000320A696E207472616E73616374696F6E57
:10805000730056657273696F6E0043616E63656C81
:108060000041646472657373207665726966696342
:108070006174696F6E2063616E63656C6C6564002A
:1080800044697361626C656400417070207365744B
:1080900074696E67730041636365707420726973FD
:1080A0006B20616E64207369676E207472616E73F9
:1080B000616374696F6E00426C696E6420736967F6
:1080C0006E696E6720616865616400416363657015
:1080D00074207269736B20616E64207369676E200F
:1080E0006F7065726174696F6E004D65737361675F
:1080F000652072656A6563746564003031323334BB
:10810000353637383941424344454600424F4C20CA
:10811000252E2A73004261636B00416464726573AB
:10812000730044756D6D792031004920756E64656A
:10813000727374616E642C20636F6E6669726D0079
:10814000547848617368005472616E736163746936
:108150006F6E2072656A656374656400417070209B
:10816000696E666F005369676E206F706572617427
:10817000696F6E0052656A656374206D6573736123
:1081800067650052656A656374206F70657261741B
:10819000696F6E005A4B4E4F58005665726966798A
:1081A00020424F4C2061646472657373005265769F
:1081B000696577207472616E73616374696F6E0AAA
:1081C000746F20287061727469616C29207369670B
:1081D0006E005A4B4E4F58485700617070206973BB
:1081E0002072656164790051756974206170700056
:1081F000436F6E6669726D000165C4D55F4417B345
:1082000068E95A54001A30323CB04FE8343E5AD430
:1082100084452363A598D05973EDA753299D7D48C4
:108220003339D80809A1D80553BDA402FFFE5BFE6F
:10823000FFFFFFFF0000000105CE98C61B05F47F7D
:10824000E2EAE9A542BD99F6B2E78246231640B5B7
:108250004595FEBFD51EB853010000000000000088
:108260000200000000000000030000000000000009
:10827000040000000000000005A0C09156838B9808
:1082800028AF3F1267E175E6E284C79D1B6D8AD077
:10829000CD0AE0D95790336E1CC6EE38139C1C11E2
:1082A0000223537A8CE79D067E58CC1067C6FBB735
:1082B000D8B3A1B08DFC8F08274DBCE8D151799679
:1082C0009BC0D49FA725BDDF9DE555E0BA6A693CF8
:1082D0006ADB52FC9EE7A82C1CFB69D4CA675F527C
:1082E0000CCE760202687600FF8F87007419047145
:1082F00074FD06B52876E7E1060C89CE5C263405C8
:10830000370A08B6D0302B0BAB3EEDB83920EE0A59
:10831000677297DC392126F170A5894A6444543884
:10832000D015AC32BA360F092CDE44BAB11FC2B731
:10833000D4B5C0D216228CCE0B82B739E78DDA576E
:10834000E75AC680EF689DF1158FE3EED8095C6DA2
:108350004BD1B2C7C166EEFD59D098A563234584C1
:10836000D45A3E34E84FB03C32301A00545AE968CF
:10837000B317445FD5C46501000000000000000091
:1083800000000000000000000000000000000000ED
:1083900000000000000292FC6389C12633C267CB53
:1083A000C66E3BF86BE3B6D8CB66677177E54F9244
:1083B000B369F2F5188D58E70581FB4A6E4AB5A8F6
:1083C000120B8226DF951E10D794D8B7705D1FB3AD
:1083D0006B998EB91A4B38E573EDA753299D7D48EB
:1083E0003339D80809A1D80553BDA402FFFE5BFEAE
:1083F000FFFFFFFEFFFFFFFC000000000000000089
:10840000000000000000000000000000000000006C
:1084100000000000000292F830644E72E131A029A1
:10842000B85045B68181585D2833E84879B97091D4
:1084300043E1F593F00000010BB77A6AD63E739BD7
:108440004EACB2E09D6277C12AB8D8010534E0B6DF
:108450002893F3F6BB95705125797203F7A0B249C2
:1084600025572E1CD16BF9EDFCE0051FB9E13377E0
:108470004B3C257A872D7D8B27BA1384A887C1773B
:108480008A9CAEB09956A9EBAF5F0BD46CB124D8DF
:10849000C0532FC87C3F65720171B046F31BE4EEF8
:1084A0007267813B0F9068367BF6C99233EA48C108
:1084B00071A536E795197A5307D7C929012D00848C
:1084C00077B17014223E9B706B6BA225E66A59A2AD
:1084D00050352CF0D39D55B62B6AC5EB5978A9269B
:1084E0000C0DA1219336C639E186F7587A1C8640D7
:1084F000C22AB40FA98F471805840DC7A9D61D52EB
:10850000E1164C579FCAABAFCCDA477B41615C6E3A
:108510007C70278271261F8C000000000000000084
:10852000000000000000000000000000000000004B
:108530000000000000000001117EB1D35D2377F040
:10854000B231329FD5C812A2B0DEAB55D1274BF065
:10855000D754B54E097774F525CB4F198BB4B23D7E
:10856000316E455E71DC63E9D600BE3CAC4DA8635C
:108570005443AD65C0AA5DD60DFCC393FE018DE7E3
:108580002BDCC42FE4E1DFB7FFB8C42EBE2AE86CB1
:10859000E233C414FD010FC0051105A923D88E0FC5
:1085A0008668B298CFE43D0FDD481CCF76EBB7A2CA
:1085B000108F6C8E28996C9700000000000000005E
:1085C00000000000000000000000000000000000AB
:1085D000000000000000000215DFADEAD3F4C7ACD4
:1085E0000FA8E720E7AD42CBE50C5B58A7B87E2289
:1085F0008651B714CC3B07152156266D3A19E9412F
:108600001ABD2476646F33582A8FB1DE1BA3B2C71C
:1086100045DFE172A2A8A99E269AF7521D2384FE87
:1086200035F9B69D69C8F98FFACE90B62CD4204999
:108630005545188B492F5E7800000E3F4EF2ED50E5
:10864000BDAE5E5396882E13F18FC66B8D090683DF
:108650004FAC86B24D9013F1000000000000000006
:10866000000000000000000000000000000000000A
:1086700000000000000000032204F055563B125D8C
:1086800015A9BF32F3478EF7A5729A0626B00D5989
:10869000ECD0033D3DA815150F43D0C5DA8409A0E1
:1086A000F26A09D8AC85C61E40ACFA0D935DEAB7F4
:1086B0004F7B077AEB42A5A12996B57671FF5B9CAB
:1086C000BD445A7E9A354EB06AA8E0982D9218386B
:1086D000C9D9B1A8EE94F5990A7E6C6377EE02DFF2
:1086E00041365D731CC230FE9B31A69C910A4C0B37
:1086F000C9E5497C449BFB9F00000000000000008E
:108700000000000000000000000000000000000069
:1087100000000000000000012726A48EB326816817
:108720003AED1272B983EB81FA4A2BB2A972C005F5
:108730008FE13EC8E18DA1CE070D916415643FF233
:10874000B6548550D2587DE722FB742EE1432B0F9F
:1087500062D9DA619C0582D90573ED32DC42283694
:10876000E9DE7D676C3F650E304D3412DD893D8A50
:10877000DE3117F74C00CDFE0EA203EE2198D4AFE8
:10878000A2DD014E4E2DA44A230DC0E54FB5E3C82E
:108790002C915B5C57D6E6CB000000000000000087
:1087A00000000000000000000000000000000000C9
:1087B00000000000000000021931D9C94413FC3B3D
:1087C000DF25EECDC05BB6B492B5CBCC394942A320
:1087D0006C1E5527E8CD33E51E4C3460F434F43478
:1087E000D721C814BD3EA0CDCFF1EFBF84C6C31FB3
:1087F00095EC8F107F06747F15A9B23D7D65173FFC
:1088000020B74A90FB0E36C75CC9CA6BB9367B0BE2
:108810009F81346A6540AB851C0D2DD869E710F83F
:10882000B2028FF4486B8982FF9C3B17846A3CD963
:10883000683314FDEF9E4A7700000000000000003E
:108840000000000000000000000000000000000028
:10885000000000000000000306C9AB14E1EE4A610D
:10886000561CA332AFECE4A2987769C3B5E79B4BE3
:10887000CADA59C3477FC8B11B156FF42E7F41E098
:108880002ABE29640E2FE390D95A3BA83D445B20B1
:108890002A305D1A6C591FA926E4676B3E78BEE545
:1088A000549CB03B454B10FF019FFB9054881C2803
:1088B0001F97CE9FD9C459410D873BEC6589787DC0
:1088C000A69F223C5ECDD363526C20A0A8232B48E8
:1088D00049AD94A53281B1740111B7DE94BC0994FD
:1088E000CDB268FDBFED48D491EA13D3461C316E7A
:1088F0000B252182EF10779700E6941174C57D0F48
:108900005480719B0F5D5A5C40889F033C29241161
:1089100041EC849A042C3A44025ADBEF3C2F0B259D
:108920008853EC733E6E9D9CFF584A69F335DA5BC1
:10893000BD99D12E3E12636F0000000000000000C0
:108940000000000000000000000000000000000027
:1089500000000000000000012F65DECDD6B3790FC6
:10896000866399D9103BDA214127D811DBB419412C
:10897000BF57C02362FF725F198C9EE9B356A216DF
:1089800004D64D1F3D262C9ED69EB64A4F634045C9
:10899000EC5FE104B53C600C14315FDA5A73B976D0
:1089A00027BC9E192139F1810BCD71425189904428
:1089B000A1679918CF1BFD7C13C93E791D47E68638
:1089C0007C3B79982CC3621521EFD6AE6EB8225845
:1089D000AAB08ABE24617688000000000000000072
:1089E0000000000000000000000000000000000087
:1089F000000000000000000222EA78EFD92C697024
:108A0000B26FFA231F04407745D13C6AFF18738385
:108A100038F5F6BB7905E2DB1B1F81C620830D0DFF
:108A2000F3DECCCE2D1773C4E8C4E6D8A3408A0C7D
:108A3000DE82EF205C24ED3C100CDC9A71BAE38FEF
:108A400077DE03534DBAF7DB656FF658B709C79267
:108A5000A7C6212E207C2305066DCBE67CF51EA43F
:108A6000ECBC381EC7426067FA6B63433E1DBBDF38
:108A7000C87DD9CBA07C5F81000000000000000011
:108A800000000000000000000000000000000000E6
:108A90000000000000000003082B779AC9320791FC
:108AA0006AA0737B4888966B99022F9DC3DE58B9E4
:108AB00039844A7FDD2BE511031D6B9870E985E849
:108AC00056948D02C3227824B46020A72C1ABB616F
:108AD000D4241A8B8017C1641F18D4BE1762FC07F8
:108AE0000D97284EE6A2DD8ED400A60D617E3E686D
:108AF000768BCF30B6991C7D15EB5FCB5A8C94C129
:108B00003D3DE3B0D4E448B9289EBCF2983EEDE781
:108B10006669237D7CB8306A1E0762D6610A0B47FE
:108B2000F3B5E3F23F5F748FDE5ABB8843F33CF04A
:108B300084C0DABD8DC813E60B82B739E78DDA57EA
:108B4000E75AC680EF689DF1158FE3EED8095C6D9A
:108B50004BD1B2C7C166EEFD00000000748BDEC0D1
:108B600001000000AC8BDEC0B48BDEC00000000052
:108B700002000000070000005C037ADA0200000037
:108B800000000000000000000000000000000000E5
:108B900000000000000000000000000000000000D5
:108BA0000000000000000000051BDEC05280DEC097
:108BB000A77FDEC0D17EDEC09481DEC00000000051
:108BC00000000000000000000000000000000000A5
:108BD000000000000000000000000000060C89CE2C
:108BE0005C263405370A08B6D0302B0BAB3EEDB807
:108BF0003920EE0A677297DC392126F1124666F8B1
:108C00000561ED5916F2F070B1BD248C6D53F44D31
:108C1000273D956A0C87B917692A4D1811924F02A2
:108C2000FD19B09255AAA1CF46EA0518E3D7BFEEC9
:108C3000F47421609491011DB0BD0B02247FA7F054
:108C400022304A1994FF505456C2201EF9B71736E5
:108C50009498D3FFCE446601ED9DF84503FD7B1942
:108C6000EF2C861F22F77FF810F54E277BC94EB7F1
:108C70006C02D79D986BE3DCDF051C3F18BD4123D8
:108C80009C3E71579A677443ECFFBD555A81EEEED6
:108C9000A69352A68B67C8563C0C2A062D78C3A50E
:108CA000D28DE9FF35BF0A257635196E5730CA7F58
:108CB00040493277078CD75DA8B4EBDC0A514A5C97
:108CC000227F4CEC95DFA029E8DD124C34895AA4B0
:108CD0006BB27C0911F3780D5015540A192E16D178
:108CE0007D956B257B85A652EEFDF2EE09589EAC74
:108CF0005BE80915775723D2CB1DA06D298CE0C105
:108D0000E3113BB935C7058E7772B533B1AA9DB073
:108D1000C0926BDC8917E5605CA3AC10094CB4E829
:108D20003621AFD271E41BC71727F0158EBD612223
:108D300039AC9D698B17FE4BE05B7FC803D8803947
:108D40005BE93C27D649AF5FD142E76B33918CB8E2
:108D5000841D5A28173BD5CF7D32879128EEAE6B04
:108D60005866AD68E443BBAF91680DB7D7E2B30373
:108D70007E38FEF61B42CBCCFFCECA81278BB49A3D
:108D80007B4E44AEA46EB0F882CB692801A6E60FF4
:108D9000DD5B5C23C63CD65CCCE4FE0A063EDEC14D
:108DA000BED831F506AF8DB648D6FDEA14534588D6
:108DB0007E8BDCFF109035A1D9B674D71BAEF1CBFA
:108DC0005509B526A42061FB53657F99B32325007F
:108DD000E855192CBE8C940E068C475F1324564A16
:108DE000C7BDF9E22164E9858D7FA8E368B165EA32
:108DF000EA3DAF4EB67EE59C0DF2E5D4005761B872
:108E0000C6AECB1A8CA4EA4DFC2C8376064A4A8067
:108E100004CEEDA210A55240562DDC1310C9E283FA
:108E2000159D58CB4CB2E35FDE83A3BA1FDC28004C
:108E30002ED9963D2A99F186178A148D0C399E9F5A
:108E400067AA40707A203FEEFB0B958BBDADCEC577
:108E5000CA34901D253D026A2419F6A2083F0DF37D
:108E6000F1A0351D0330EC3FF602CA8CC353B7F6B0
:108E7000E762C7107184CD7B423449F61A6764D526
:108E8000943FC4A720B4C0A19FDB8C7119843072B9
:108E900087A58B9B5F9F5D58212CB263011A63A24B
:108EA0006FEABF87FA66BDE66CC25A922C96382DDF
:108EB00076C6A7FF48F1537BEAED683A08CA7B649F
:108EC000657C3548F32BEF5B63AD24288A41C0B243
:108ED00051099AD27F9434307E3E64D401998270D5
:108EE000471E9361955446B0CDB8BEA915EC0675E2
:108EF000F1CD648DDCB04303507A44891D6B3D5F36
:108F00006EA369C26F825D2362933EAA31EA35EC9B
:108F10000A77C1FBD9E01CA1523E4432119EF18870
:108F2000BB3DD0D32306976C19941E8664BE687E21
:108F30007A69692DA27DA215A6F06D402D9E0AB515
:108F4000C06893DFDFD03481381BA86B6E6292DF7C
:108F50005609D71F2C64B2D9A79F809E25F1663190
:108F6000BF77060F7EA34087C025BF135784319E6D
:108F7000F08CDA2E31419EE0A529E658144C7A1186
:108F8000DA5A7C5DABAE3F33FBD03CAD86D18BC5AE
:108F900094C79A497ECB9894EDB554F10F9711621E
:108FA000627723F3FEADACB28B0C104CB8F74DE5F5
:108FB00008752FA8D7C0DB2AF13DE8EE24BE51008A
:108FC00095436206DD0ABD0B0CBB95C883AB304AE6
:108FD000A52598B1A69306EC981A688D211610E283
:108FE000AD4A377426FADF7068B0C1A6C299A16491
:108FF000C1C1A603EAED944870D0B9B915A67D9811
:109000001041B1F6F09F3F9EBEFD864E779D3AF02F
:109010008157786AC077505E50EC79FC049327FA48
:1090200079D28C12A2C82406947F77F06775B02895
:109030007468B3136877701DBE7C9598230940DC73
:10904000C5232658FF9C29697A3FD416D170E8C9F8
:1090500098F1AA85DEA0C42D79F951AA1B121C042F
:109060009CD1159E289007E0C9DA9995CC4BAB4C62
:1090700026FB888EC3972A8A2E65696446524F5311
:10908000542D4544424142594A554A55422D424C7D
:10909000414B453531322D76310000001000000083
:1090A00000000000000000000000000000000000C0
:1090B00000000000000000000000000000000000B0
:1090C0000000000000000000303132333435363704
:1090D000383961626364656630313233343536372E
:1090E000383941424344454600000000000000007A
:1090F0000000000000000000000000000000000070
:10910000000000000000000000000000000000005F
:10911000000000000000000000000000000000004F
:10912000000000000000000000000000000000003F
:10913000000000000000000000000000000000002F
:10914000000000000000000000000000000000001F
:10915000000000000000000000000000000000000F
:1091600000000000000000000000000000000000FF
:1091700000000000000000000000000000000000EF
:1091800000000000000000000000000000000000DF
:1091900000000000000000000000000000000000CF
:1091A00000000000000000000000000000000000BF
:1091B00000000000000000000000000000000000AF
:1091C000000000000000000000000000000000009F
:1091D000000000000000000000000000000000008F
:1091E000000000000000000000000000000000007F
:1091F000000000000000000000000000000000006F
:10920000000000000000000000000000000000005E
:10921000000000000000000000000000000000004E
:10922000000000000000000000000000000000003E
:10923000000000000000000000000000000000002E
:10924000000000000000000000000000000000001E
:10925000000000000000000000000000000000000E
:1092600000000000000000000000000000000000FE
:1092700000000000000000000000000000000000EE
:1092800000000000000000000000000000000000DE
:1092900000000000000000000000000000000000CE
:1092A00000000000000000000000000000000000BE
:1092B00000000000000000000000000000000000AE
:1092C000000000000000000000000000000000009E
:1092D000000000000000000000000000000000008E
:1092E000000000000000000000000000000000007E
:1092F000000000000000000000000000000000006E
:10930000000000000000000000000000000000005D
:10931000000000000000000000000000000000004D
:10932000000000000000000000000000000000003D
:10933000000000000000000000000000000000002D
:10934000000000000000000000000000000000001D
:10935000000000000000000000000000000000000D
:1093600000000000000000000000000000000000FD
:1093700000000000000000000000000000000000ED
:1093800000000000000000000000000000000000DD
:1093900000000000000000000000000000000000CD
:1093A00000000000000000000000000000000000BD
:1093B00000000000000000000000000000000000AD
:1093C000000000000000000000000000000000009D
:1093D000000000000000000000000000000000008D
:1093E000000000000000000000000000000000007D
:1093F000000000000000000000000000000000006D
:1094000001075A4B4E4F5848570205302E302E3127
:1094100003210E000E000019000000000003F008F8
:10942000404E8152A58F90A040808403F000000040
:0F943000000000040A01028000002C800023735A
:04000005C0DE000158
:00000001FF
